posicao_geral;posicao_faixa;cod_ibge;municipio;populacao;faixa;nota;indicadores_faltantes;nota_autonomia;nota_pessoal;nota_liquidez;nota_investimento;nota_transparencia;versao_metodologia;hash_metodologia;exercicios
1;1;3540606;Porto Feliz;58837;50 a 100 mil;0.9159;0;1.0;1.0;0.8757;0.788;1.0;1.1.0;866c0431c49d;2023,2024,2025
2;1;3508405;Cabreúva;48815;10 a 50 mil;0.9153;0;0.9354;0.9214;0.9756;0.829;1.0;1.1.0;866c0431c49d;2023,2024,2025
3;2;3546702;Santa Gertrudes;23249;10 a 50 mil;0.8955;0;0.9674;0.8479;0.9469;0.8198;1.0;1.1.0;866c0431c49d;2023,2024,2025
4;3;3509254;Cajati;29267;10 a 50 mil;0.8752;0;0.7574;0.9123;0.831;1.0;1.0;1.1.0;866c0431c49d;2023,2024,2025
5;1;3547304;Santana de Parnaíba;165193;100 a 500 mil;0.8602;0;0.8069;0.7862;1.0;0.8477;1.0;1.1.0;866c0431c49d;2023,2024,2025
6;4;3545001;Salesópolis;15368;10 a 50 mil;0.7966;0;0.3168;0.9753;1.0;0.8944;1.0;1.1.0;866c0431c49d;2023,2024,2025
7;5;3530201;Mirante do Paranapanema;15997;10 a 50 mil;0.7924;0;0.9188;0.9066;0.3441;1.0;1.0;1.1.0;866c0431c49d;2023,2024,2025
8;2;3536505;Paulínia;117554;100 a 500 mil;0.7823;0;1.0;0.8601;0.5918;0.6773;1.0;1.1.0;866c0431c49d;2023,2024,2025
9;3;3520509;Indaiatuba;271322;100 a 500 mil;0.7762;0;0.7198;1.0;1.0;0.3849;1.0;1.1.0;866c0431c49d;2023,2024,2025
9;6;3551603;Serra Negra;31155;10 a 50 mil;0.7762;0;0.9933;1.0;0.2356;0.8757;1.0;1.1.0;866c0431c49d;2023,2024,2025
11;4;3523909;Itu;175483;100 a 500 mil;0.7699;0;0.9822;1.0;0.3562;0.7411;1.0;1.1.0;866c0431c49d;2023,2024,2025
12;7;3554300;Teodoro Sampaio;22622;10 a 50 mil;0.7675;0;0.9756;0.8471;0.5498;0.6974;1.0;1.1.0;866c0431c49d;2023,2024,2025
13;5;3538709;Piracicaba;442635;100 a 500 mil;0.7634;0;1.0;0.928;0.6421;0.4836;1.0;1.1.0;866c0431c49d;2023,2024,2025
14;6;3510609;Carapicuíba;398772;100 a 500 mil;0.7620;0;0.1915;1.0;0.8687;0.9877;1.0;1.1.0;866c0431c49d;2023,2024,2025
15;7;3506003;Bauru;394028;100 a 500 mil;0.7580;0;1.0;0.6973;0.9072;0.4274;1.0;1.1.0;866c0431c49d;2023,2024,2025
16;1;3516853;Gavião Peixoto;4815;até 10 mil;0.7558;0;0.7576;0.9354;0.7335;0.5967;1.0;1.1.0;866c0431c49d;2023,2024,2025
17;8;3550407;São Pedro;40054;10 a 50 mil;0.7536;0;0.9767;0.977;0.5155;0.5451;1.0;1.1.0;866c0431c49d;2023,2024,2025
18;9;3501301;Álvares Machado;28508;10 a 50 mil;0.7519;0;0.3793;0.921;0.7373;0.9701;1.0;1.1.0;866c0431c49d;2023,2024,2025
19;8;3513504;Cubatão;114681;100 a 500 mil;0.7498;0;0.5735;1.0;1.0;0.4255;1.0;1.1.0;866c0431c49d;2023,2024,2025
20;2;3525854;Jumirim;3139;até 10 mil;0.7461;0;0.3104;0.9586;0.9331;0.7823;1.0;1.1.0;866c0431c49d;2023,2024,2025
21;1;3550308;São Paulo;11911337;acima de 500 mil;0.7385;0;1.0;1.0;0.0762;0.8779;1.0;1.1.0;866c0431c49d;2023,2024,2025
22;2;3524709;Jaguariúna;62764;50 a 100 mil;0.7382;0;1.0;1.0;0.7074;0.2453;1.0;1.1.0;866c0431c49d;2023,2024,2025
23;10;3520400;Ilhabela;36766;10 a 50 mil;0.7347;0;0.0326;1.0;1.0;0.906;1.0;1.1.0;866c0431c49d;2023,2024,2025
24;11;3537909;Pilar do Sul;28496;10 a 50 mil;0.7294;0;0.6823;0.872;0.9312;0.4319;1.0;1.1.0;866c0431c49d;2023,2024,2025
25;12;3514106;Dois Córregos;24839;10 a 50 mil;0.7235;0;0.5226;1.0;0.6759;0.6954;1.0;1.1.0;866c0431c49d;2023,2024,2025
26;13;3540507;Porangaba;10915;10 a 50 mil;0.7209;0;0.3291;0.9494;0.7774;0.8279;1.0;1.1.0;866c0431c49d;2023,2024,2025
27;3;3556701;Vinhedo;79477;50 a 100 mil;0.7201;0;1.0;0.7887;0.1135;0.9783;1.0;1.1.0;866c0431c49d;2023,2024,2025
28;9;3557105;Votuporanga;100935;100 a 500 mil;0.7174;0;0.7021;0.7504;0.7393;0.678;1.0;1.1.0;866c0431c49d;2023,2024,2025
29;10;3505708;Barueri;336015;100 a 500 mil;0.7171;0;0.9269;1.0;0.0563;0.8854;1.0;1.1.0;866c0431c49d;2023,2024,2025
30;2;3549805;São José do Rio Preto;506466;acima de 500 mil;0.7160;0;0.4366;1.0;0.8313;0.5962;1.0;1.1.0;866c0431c49d;2023,2024,2025
31;3;3516101;Florínia;4053;até 10 mil;0.7093;0;0.4521;1.0;0.7209;0.6642;1.0;1.1.0;866c0431c49d;2023,2024,2025
32;11;3504107;Atibaia;168162;100 a 500 mil;0.7084;0;0.9837;1.0;0.0749;0.7749;1.0;1.1.0;866c0431c49d;2023,2024,2025
33;14;3549409;São Joaquim da Barra;49948;10 a 50 mil;0.7052;0;0.5533;0.9204;0.5628;0.7844;1.0;1.1.0;866c0431c49d;2023,2024,2025
34;12;3551702;Sertãozinho;132692;100 a 500 mil;0.7020;0;0.9985;0.8035;0.7415;0.2643;1.0;1.1.0;866c0431c49d;2023,2024,2025
35;15;3511508;Cerquilho;46547;10 a 50 mil;0.7013;0;1.0;0.7043;0.4665;0.6344;1.0;1.1.0;866c0431c49d;2023,2024,2025
36;4;3539707;Platina;3050;até 10 mil;0.7004;0;0.2794;0.8235;1.0;0.6988;1.0;1.1.0;866c0431c49d;2023,2024,2025
37;5;3557154;Zacarias;2784;até 10 mil;0.6925;0;0.3123;0.766;0.9158;0.7761;1.0;1.1.0;866c0431c49d;2023,2024,2025
38;6;3526308;Lagoinha;5191;até 10 mil;0.6894;0;0.1507;0.835;1.0;0.7718;1.0;1.1.0;866c0431c49d;2023,2024,2025
39;16;3525201;Jarinu;40433;10 a 50 mil;0.6889;0;1.0;0.8305;0.5739;0.3511;1.0;1.1.0;866c0431c49d;2023,2024,2025
40;3;3548708;São Bernardo do Campo;842558;acima de 500 mil;0.6840;0;1.0;1.0;0.0;0.7361;1.0;1.1.0;866c0431c49d;2023,2024,2025
41;13;3525300;Jaú;137486;100 a 500 mil;0.6810;0;0.5714;0.978;0.9304;0.2443;1.0;1.1.0;866c0431c49d;2023,2024,2025
42;17;3513108;Cravinhos;34356;10 a 50 mil;0.6804;0;0.513;1.0;0.2409;0.9675;1.0;1.1.0;866c0431c49d;2023,2024,2025
43;18;3537008;Pedregulho;15732;10 a 50 mil;0.6765;0;0.9704;1.0;0.41;0.3255;1.0;1.1.0;866c0431c49d;2023,2024,2025
44;7;3541109;Presidente Alves;3820;até 10 mil;0.6763;0;0.0858;0.9663;0.8968;0.7562;1.0;1.1.0;866c0431c49d;2023,2024,2025
45;19;3512407;Cordeirópolis;25390;10 a 50 mil;0.6734;0;1.0;0.6784;0.0154;1.0;1.0;1.1.0;866c0431c49d;2023,2024,2025
46;20;3509700;Campos do Jordão;47932;10 a 50 mil;0.6703;0;0.3155;1.0;0.6705;0.6952;1.0;1.1.0;866c0431c49d;2023,2024,2025
47;21;3519055;Holambra;15832;10 a 50 mil;0.6695;0;1.0;0.7669;0.01;0.901;1.0;1.1.0;866c0431c49d;2023,2024,2025
48;22;3504206;Auriflama;13841;10 a 50 mil;0.6677;0;0.4119;0.879;0.6117;0.7681;1.0;1.1.0;866c0431c49d;2023,2024,2025
49;8;3543600;Rifaina;4198;até 10 mil;0.6652;0;0.6109;0.9866;0.3444;0.7188;1.0;1.1.0;866c0431c49d;2023,2024,2025
50;14;3522505;Itapevi;243967;100 a 500 mil;0.6646;0;0.9314;0.8823;0.0101;0.8345;1.0;1.1.0;866c0431c49d;2023,2024,2025
51;4;3533908;Olímpia;57028;50 a 100 mil;0.6627;0;0.1953;1.0;0.6514;0.804;1.0;1.1.0;866c0431c49d;2023,2024,2025
52;23;3502705;Apiaí;24831;10 a 50 mil;0.6616;0;0.5147;0.956;0.3429;0.8329;1.0;1.1.0;866c0431c49d;2023,2024,2025
53;9;3556909;Vista Alegre do Alto;8405;até 10 mil;0.6606;0;0.4326;0.8082;0.8114;0.5901;1.0;1.1.0;866c0431c49d;2023,2024,2025
54;24;3536307;Patrocínio Paulista;14934;10 a 50 mil;0.6562;0;0.361;0.9208;0.9802;0.3626;1.0;1.1.0;866c0431c49d;2023,2024,2025
55;5;3527108;Lins;76946;50 a 100 mil;0.6550;0;0.8404;1.0;0.1612;0.6183;1.0;1.1.0;866c0431c49d;2023,2024,2025
56;10;3532827;Nova Campina;8630;até 10 mil;0.6535;0;0.4601;0.6944;0.6664;0.7931;1.0;1.1.0;866c0431c49d;2023,2024,2025
57;25;3516705;Garça;43051;10 a 50 mil;0.6529;0;0.6459;1.0;0.4235;0.5422;1.0;1.1.0;866c0431c49d;2023,2024,2025
58;11;3517109;Glicério;4145;até 10 mil;0.6525;0;0.3915;0.9387;0.5318;0.7482;1.0;1.1.0;866c0431c49d;2023,2024,2025
59;26;3506904;Bofete;10735;10 a 50 mil;0.6508;0;0.5741;0.6233;0.4743;0.9316;1.0;1.1.0;866c0431c49d;2023,2024,2025
60;15;3523107;Itaquaquecetuba;384436;100 a 500 mil;0.6487;0;0.7378;0.9457;0.0;0.9115;1.0;1.1.0;866c0431c49d;2023,2024,2025
61;27;3542206;Rancharia;29381;10 a 50 mil;0.6468;0;0.2604;0.9251;0.9262;0.4755;1.0;1.1.0;866c0431c49d;2023,2024,2025
62;16;3507506;Botucatu;151600;100 a 500 mil;0.6429;0;0.7697;1.0;0.3013;0.5005;1.0;1.1.0;866c0431c49d;2023,2024,2025
63;28;3536208;Pariquera-Açu;19627;10 a 50 mil;0.6405;0;0.2824;0.7455;0.6125;0.9217;1.0;1.1.0;866c0431c49d;2023,2024,2025
64;29;3523206;Itararé;45111;10 a 50 mil;0.6404;0;0.451;0.8623;0.57;0.6783;1.0;1.1.0;866c0431c49d;2023,2024,2025
65;17;3515707;Ferraz de Vasconcelos;186816;100 a 500 mil;0.6401;0;0.1217;0.8813;0.8774;0.68;1.0;1.1.0;866c0431c49d;2023,2024,2025
66;30;3520202;Igaratá;11037;10 a 50 mil;0.6378;0;0.3021;0.893;0.5791;0.7771;1.0;1.1.0;866c0431c49d;2023,2024,2025
67;31;3511003;Castilho;20545;10 a 50 mil;0.6374;0;0.7608;0.8932;0.5225;0.3732;1.0;1.1.0;866c0431c49d;2023,2024,2025
68;32;3529906;Miracatu;18549;10 a 50 mil;0.6355;0;0.428;0.956;0.2301;0.9278;1.0;1.1.0;866c0431c49d;2023,2024,2025
69;12;3554656;Torre de Pedra;2049;até 10 mil;0.6346;0;0.0216;0.9123;0.6759;0.9288;1.0;1.1.0;866c0431c49d;2023,2024,2025
70;6;3530805;Mogi Mirim;95929;50 a 100 mil;0.6331;0;0.5413;0.9311;0.4472;0.6126;1.0;1.1.0;866c0431c49d;2023,2024,2025
71;18;3543303;Ribeirão Pires;119023;100 a 500 mil;0.6328;0;0.8098;0.9391;0.01;0.7721;1.0;1.1.0;866c0431c49d;2023,2024,2025
72;7;3530300;Mirassol;66102;50 a 100 mil;0.6304;0;0.4103;0.7673;0.8057;0.5384;1.0;1.1.0;866c0431c49d;2023,2024,2025
73;4;3509502;Campinas;1189761;acima de 500 mil;0.6272;0;1.0;1.0;0.0;0.5087;1.0;1.1.0;866c0431c49d;2023,2024,2025
74;33;3500303;Aguaí;32884;10 a 50 mil;0.6261;0;0.5767;0.9858;0.4337;0.5083;1.0;1.1.0;866c0431c49d;2023,2024,2025
75;13;3547106;Santa Mercedes;3020;até 10 mil;0.6260;0;0.0;0.7617;0.8979;0.8446;1.0;1.1.0;866c0431c49d;2023,2024,2025
76;5;3543402;Ribeirão Preto;734538;acima de 500 mil;0.6257;0;1.0;0.6541;0.4762;0.3724;1.0;1.1.0;866c0431c49d;2023,2024,2025
77;19;3530607;Mogi das Cruzes;472255;100 a 500 mil;0.6245;0;0.9157;1.0;0.1893;0.3932;1.0;1.1.0;866c0431c49d;2023,2024,2025
78;34;3538105;Pindorama;14689;10 a 50 mil;0.6240;0;0.4495;0.6068;0.9015;0.538;1.0;1.1.0;866c0431c49d;2023,2024,2025
79;14;3512605;Coronel Macedo;4249;até 10 mil;0.6234;0;0.3629;0.5772;0.9911;0.5624;1.0;1.1.0;866c0431c49d;2023,2024,2025
80;8;3527306;Louveira;55314;50 a 100 mil;0.6233;0;0.8089;0.9358;0.0;0.7484;1.0;1.1.0;866c0431c49d;2023,2024,2025
81;15;3507456;Borebi;2814;até 10 mil;0.6216;0;0.281;0.8975;0.5181;0.7898;1.0;1.1.0;866c0431c49d;2023,2024,2025
82;35;3528601;Manduri;10148;10 a 50 mil;0.6208;0;0.6558;0.8372;0.4529;0.5374;1.0;1.1.0;866c0431c49d;2023,2024,2025
83;9;3555406;Ubatuba;97541;50 a 100 mil;0.6194;0;0.9312;0.9852;0.0847;0.4766;1.0;1.1.0;866c0431c49d;2023,2024,2025
84;16;3503356;Arco-Íris;2092;até 10 mil;0.6191;0;0.1045;0.7714;0.952;0.6484;1.0;1.1.0;866c0431c49d;2023,2024,2025
85;20;3556206;Valinhos;132862;100 a 500 mil;0.6184;0;0.5644;0.9749;0.443;0.4912;1.0;1.1.0;866c0431c49d;2023,2024,2025
85;17;3533809;Óleo;2530;até 10 mil;0.6184;0;0.2826;0.9642;0.5699;0.6568;1.0;1.1.0;866c0431c49d;2023,2024,2025
87;6;3549904;São José dos Campos;729153;acima de 500 mil;0.6148;0;0.9236;1.0;0.0077;0.5278;1.0;1.1.0;866c0431c49d;2023,2024,2025
88;21;3510500;Caraguatatuba;143291;100 a 500 mil;0.6142;0;0.8013;0.9037;0.1105;0.6413;1.0;1.1.0;866c0431c49d;2023,2024,2025
89;36;3528007;Macatuba;17157;10 a 50 mil;0.6141;0;0.3609;1.0;0.7709;0.3245;1.0;1.1.0;866c0431c49d;2023,2024,2025
90;18;3544509;Rubinéia;4028;até 10 mil;0.6138;0;0.1872;0.4436;0.9519;0.8726;1.0;1.1.0;866c0431c49d;2023,2024,2025
91;37;3556602;Vera Cruz;10256;10 a 50 mil;0.6112;0;0.2592;1.0;0.5793;0.6064;1.0;1.1.0;866c0431c49d;2023,2024,2025
92;38;3504404;Avanhandava;11435;10 a 50 mil;0.6063;0;0.2262;0.9173;0.5706;0.7111;1.0;1.1.0;866c0431c49d;2023,2024,2025
93;39;3537107;Pedreira;44433;10 a 50 mil;0.6061;0;0.6098;0.8706;0.3547;0.5893;1.0;1.1.0;866c0431c49d;2023,2024,2025
94;19;3523800;Itobi;8242;até 10 mil;0.6010;0;0.1153;0.62;0.7282;0.9404;1.0;1.1.0;866c0431c49d;2023,2024,2025
95;20;3536570;Paulistânia;2166;até 10 mil;0.6008;0;0.2211;0.8628;0.9878;0.3313;1.0;1.1.0;866c0431c49d;2023,2024,2025
96;21;3522000;Itaju;3726;até 10 mil;0.6006;0;0.179;0.6961;1.0;0.5274;1.0;1.1.0;866c0431c49d;2023,2024,2025
97;22;3528908;Mariápolis;3514;até 10 mil;0.5990;0;0.1425;0.8173;1.0;0.4361;1.0;1.1.0;866c0431c49d;2023,2024,2025
98;23;3545506;Sandovalina;3696;até 10 mil;0.5989;0;0.4905;0.5302;0.7805;0.5943;1.0;1.1.0;866c0431c49d;2023,2024,2025
99;24;3502408;Anhumas;4126;até 10 mil;0.5985;0;0.3196;0.8681;0.2789;0.9272;1.0;1.1.0;866c0431c49d;2023,2024,2025
100;40;3541505;Presidente Venceslau;35728;10 a 50 mil;0.5974;0;1.0;0.6955;0.1074;0.5868;1.0;1.1.0;866c0431c49d;2023,2024,2025
101;25;3539905;Poloni;5708;até 10 mil;0.5969;0;0.1838;0.6337;1.0;0.5701;1.0;1.1.0;866c0431c49d;2023,2024,2025
102;26;3522653;Itapirapuã Paulista;4433;até 10 mil;0.5919;0;0.197;0.4687;0.8475;0.8543;1.0;1.1.0;866c0431c49d;2023,2024,2025
103;10;3509205;Cajamar;99249;50 a 100 mil;0.5911;0;0.5332;1.0;0.0229;0.8084;1.0;1.1.0;866c0431c49d;2023,2024,2025
104;22;3508504;Caçapava;100422;100 a 500 mil;0.5901;0;0.6623;0.8802;0.1562;0.6617;1.0;1.1.0;866c0431c49d;2023,2024,2025
105;41;3545308;Salto de Pirapora;45373;10 a 50 mil;0.5893;0;0.4656;1.0;0.2285;0.6631;1.0;1.1.0;866c0431c49d;2023,2024,2025
106;27;3519501;Ibirarema;6439;até 10 mil;0.5890;0;0.5218;1.0;0.1148;0.7194;1.0;1.1.0;866c0431c49d;2023,2024,2025
107;42;3502903;Araçoiaba da Serra;33989;10 a 50 mil;0.5876;0;0.5935;0.8068;0.1862;0.764;1.0;1.1.0;866c0431c49d;2023,2024,2025
108;28;3527900;Lutécia;2696;até 10 mil;0.5875;0;0.3192;0.7578;0.6986;0.5745;1.0;1.1.0;866c0431c49d;2023,2024,2025
109;23;3513009;Cotia;291704;100 a 500 mil;0.5857;0;0.7995;1.0;0.0;0.5432;1.0;1.1.0;866c0431c49d;2023,2024,2025
110;11;3550704;São Sebastião;84514;50 a 100 mil;0.5854;0;0.4613;0.9566;0.2853;0.6385;1.0;1.1.0;866c0431c49d;2023,2024,2025
111;29;3503109;Arandu;7099;até 10 mil;0.5845;0;0.5665;0.9656;0.248;0.5579;1.0;1.1.0;866c0431c49d;2023,2024,2025
112;43;3518305;Guararema;32785;10 a 50 mil;0.5836;0;0.1291;1.0;0.2141;0.9911;1.0;1.1.0;866c0431c49d;2023,2024,2025
113;44;3553401;Tanabi;26116;10 a 50 mil;0.5833;0;0.6994;0.7305;0.3806;0.5225;1.0;1.1.0;866c0431c49d;2023,2024,2025
114;45;3546009;Santa Branca;14226;10 a 50 mil;0.5815;0;0.1781;0.8163;0.6133;0.7181;1.0;1.1.0;866c0431c49d;2023,2024,2025
115;30;3521101;Ipeúna;7051;até 10 mil;0.5812;0;0.4472;0.7897;0.5062;0.5816;1.0;1.1.0;866c0431c49d;2023,2024,2025
116;46;3532405;Nazaré Paulista;18729;10 a 50 mil;0.5785;0;0.3427;0.7463;0.8155;0.4096;1.0;1.1.0;866c0431c49d;2023,2024,2025
117;24;3525904;Jundiaí;465277;100 a 500 mil;0.5783;0;1.0;0.785;0.0822;0.4459;1.0;1.1.0;866c0431c49d;2023,2024,2025
118;31;3515350;Euclides da Cunha Paulista;7833;até 10 mil;0.5771;0;0.2662;0.4549;0.675;0.9124;1.0;1.1.0;866c0431c49d;2023,2024,2025
119;47;3510203;Capão Bonito;47415;10 a 50 mil;0.5767;0;0.4372;0.4541;0.4154;1.0;1.0;1.1.0;866c0431c49d;2023,2024,2025
120;32;3532157;Nantes;2696;até 10 mil;0.5755;0;0.1982;0.7212;0.8076;0.5751;1.0;1.1.0;866c0431c49d;2023,2024,2025
121;48;3533502;Novo Horizonte;39548;10 a 50 mil;0.5748;0;0.5043;0.9393;0.2297;0.6258;1.0;1.1.0;866c0431c49d;2023,2024,2025
122;12;3529302;Matão;81144;50 a 100 mil;0.5737;0;0.7367;0.9675;0.0;0.5906;1.0;1.1.0;866c0431c49d;2023,2024,2025
123;33;3541802;Queiroz;3380;até 10 mil;0.5730;0;0.3586;0.5609;0.4542;0.9182;1.0;1.1.0;866c0431c49d;2023,2024,2025
124;25;3526704;Leme;101734;100 a 500 mil;0.5726;0;1.0;0.8749;0.0832;0.3322;1.0;1.1.0;866c0431c49d;2023,2024,2025
125;13;3524006;Itupeva;75776;50 a 100 mil;0.5680;0;0.9128;0.8751;0.0;0.4843;1.0;1.1.0;866c0431c49d;2023,2024,2025
126;26;3516200;Franca;366534;100 a 500 mil;0.5658;0;1.0;0.6718;0.3992;0.1924;1.0;1.1.0;866c0431c49d;2023,2024,2025
127;14;3519600;Ibitinga;62353;50 a 100 mil;0.5657;0;0.2424;0.9208;0.4624;0.6371;1.0;1.1.0;866c0431c49d;2023,2024,2025
128;49;3500501;Águas de Lindóia;18277;10 a 50 mil;0.5652;0;0.7078;0.6469;0.254;0.652;1.0;1.1.0;866c0431c49d;2023,2024,2025
129;15;3528502;Mairiporã;98241;50 a 100 mil;0.5649;0;0.4813;1.0;0.0;0.7782;1.0;1.1.0;866c0431c49d;2023,2024,2025
130;34;3553500;Tapiraí;8121;até 10 mil;0.5620;0;0.2116;0.7938;0.6183;0.6242;1.0;1.1.0;866c0431c49d;2023,2024,2025
131;27;3530706;Mogi Guaçu;160841;100 a 500 mil;0.5605;0;0.888;0.8407;0.0;0.5133;1.0;1.1.0;866c0431c49d;2023,2024,2025
132;35;3505104;Barbosa;5598;até 10 mil;0.5597;0;0.3303;0.4844;0.4546;0.9696;1.0;1.1.0;866c0431c49d;2023,2024,2025
133;36;3527009;Lindóia;7167;até 10 mil;0.5595;0;0.3473;0.8949;0.1901;0.8059;1.0;1.1.0;866c0431c49d;2023,2024,2025
134;37;3548203;Santo Antônio do Pinhal;7333;até 10 mil;0.5588;0;0.3654;0.7457;0.2033;0.9208;1.0;1.1.0;866c0431c49d;2023,2024,2025
135;38;3544400;Rubiácea;2739;até 10 mil;0.5586;0;0.1422;0.984;0.5299;0.5783;1.0;1.1.0;866c0431c49d;2023,2024,2025
136;16;3506359;Bertioga;67941;50 a 100 mil;0.5571;0;0.5627;0.6977;0.0854;0.8825;1.0;1.1.0;866c0431c49d;2023,2024,2025
137;50;3536703;Pederneiras;46439;10 a 50 mil;0.5551;0;0.6768;0.7743;0.299;0.4701;1.0;1.1.0;866c0431c49d;2023,2024,2025
138;17;3509601;Campo Limpo Paulista;79890;50 a 100 mil;0.5537;0;0.5726;0.8883;0.0;0.7541;1.0;1.1.0;866c0431c49d;2023,2024,2025
139;39;3500550;Águas de Santa Bárbara;7508;até 10 mil;0.5535;0;0.3203;0.8714;0.1126;0.9099;1.0;1.1.0;866c0431c49d;2023,2024,2025
140;40;3515202;Estrela d'Oeste;9733;até 10 mil;0.5530;0;0.643;0.5395;0.3861;0.6432;1.0;1.1.0;866c0431c49d;2023,2024,2025
141;41;3500808;Alfredo Marcondes;4591;até 10 mil;0.5519;0;0.1984;0.7926;0.5572;0.6593;1.0;1.1.0;866c0431c49d;2023,2024,2025
142;51;3535804;Paranapanema;19901;10 a 50 mil;0.5515;0;0.279;1.0;0.0787;0.8485;1.0;1.1.0;866c0431c49d;2023,2024,2025
143;52;3500105;Adamantina;35701;10 a 50 mil;0.5512;0;0.5411;0.287;1.0;0.3765;1.0;1.1.0;866c0431c49d;2023,2024,2025
144;18;3501905;Amparo;69859;50 a 100 mil;0.5511;0;0.5165;0.9198;0.3159;0.4522;1.0;1.1.0;866c0431c49d;2023,2024,2025
145;53;3535309;Palmital;19666;10 a 50 mil;0.5499;0;0.6008;0.9066;0.2432;0.4489;1.0;1.1.0;866c0431c49d;2023,2024,2025
146;54;3541208;Presidente Bernardes;14830;10 a 50 mil;0.5498;0;0.439;0.5897;0.4345;0.7361;1.0;1.1.0;866c0431c49d;2023,2024,2025
147;55;3541307;Presidente Epitácio;40267;10 a 50 mil;0.5475;0;0.4332;0.3471;0.5954;0.8142;1.0;1.1.0;866c0431c49d;2023,2024,2025
148;42;3543808;Rinópolis;9314;até 10 mil;0.5468;0;0.5701;0.8212;0.2652;0.5307;1.0;1.1.0;866c0431c49d;2023,2024,2025
149;56;3515186;Espírito Santo do Pinhal;40547;10 a 50 mil;0.5448;0;0.8586;0.9076;0.2024;0.2106;1.0;1.1.0;866c0431c49d;2023,2024,2025
150;28;3507605;Bragança Paulista;186631;100 a 500 mil;0.5443;0;0.388;1.0;0.3852;0.4041;1.0;1.1.0;866c0431c49d;2023,2024,2025
150;57;3546306;Santa Cruz das Palmeiras;29456;10 a 50 mil;0.5443;0;0.5304;0.8078;0.3446;0.4945;1.0;1.1.0;866c0431c49d;2023,2024,2025
152;43;3509304;Cajobi;9191;até 10 mil;0.5435;0;0.6967;0.7667;0.0517;0.6588;1.0;1.1.0;866c0431c49d;2023,2024,2025
153;58;3557303;Estiva Gerbi;11647;10 a 50 mil;0.5430;0;0.4421;0.6049;0.4528;0.7345;0.9722;1.1.0;866c0431c49d;2023,2024,2025
154;44;3515194;Espírito Santo do Turvo;4211;até 10 mil;0.5424;0;0.3609;0.4788;0.5801;0.7497;1.0;1.1.0;866c0431c49d;2023,2024,2025
155;45;3500600;Águas de São Pedro;2933;até 10 mil;0.5420;0;0.2243;0.8702;0.1255;0.9479;1.0;1.1.0;866c0431c49d;2023,2024,2025
156;46;3520806;Inúbia Paulista;3670;até 10 mil;0.5414;0;0.0773;0.6663;1.0;0.422;1.0;1.1.0;866c0431c49d;2023,2024,2025
157;29;3526902;Limeira;301780;100 a 500 mil;0.5413;0;0.8257;0.7858;0.0;0.5536;1.0;1.1.0;866c0431c49d;2023,2024,2025
158;30;3502804;Araçatuba;208987;100 a 500 mil;0.5402;0;0.5385;0.8169;0.4123;0.3929;1.0;1.1.0;866c0431c49d;2023,2024,2025
159;47;3507209;Borá;935;até 10 mil;0.5394;0;0.0017;0.9763;0.53;0.6498;1.0;1.1.0;866c0431c49d;2023,2024,2025
160;48;3509809;Campos Novos Paulista;5013;até 10 mil;0.5393;0;0.3039;0.8237;0.3222;0.7073;1.0;1.1.0;866c0431c49d;2023,2024,2025
161;59;3553807;Taquarituba;24995;10 a 50 mil;0.5387;0;0.5403;0.9753;0.2261;0.4132;1.0;1.1.0;866c0431c49d;2023,2024,2025
162;49;3512506;Coroados;5509;até 10 mil;0.5372;0;0.3052;0.6704;0.4588;0.7142;1.0;1.1.0;866c0431c49d;2023,2024,2025
163;50;3519907;Iepê;7739;até 10 mil;0.5367;0;0.677;0.4603;0.2929;0.7164;1.0;1.1.0;866c0431c49d;2023,2024,2025
164;51;3519204;Iacri;6189;até 10 mil;0.5359;0;0.2521;0.8465;0.4855;0.5594;1.0;1.1.0;866c0431c49d;2023,2024,2025
165;31;3548807;São Caetano do Sul;173216;100 a 500 mil;0.5349;0;0.8365;0.4255;0.1265;0.7511;1.0;1.1.0;866c0431c49d;2023,2024,2025
165;52;3549607;São José do Barreiro;3881;até 10 mil;0.5349;0;0.0723;0.7212;0.7061;0.6399;1.0;1.1.0;866c0431c49d;2023,2024,2025
167;32;3534708;Ourinhos;106941;100 a 500 mil;0.5343;0;0.4883;0.7527;0.2982;0.5978;1.0;1.1.0;866c0431c49d;2023,2024,2025
168;53;3532207;Narandiba;5999;até 10 mil;0.5333;0;0.553;0.4451;0.2276;0.9076;1.0;1.1.0;866c0431c49d;2023,2024,2025
169;60;3506706;Boa Esperança do Sul;13093;10 a 50 mil;0.5321;0;0.3057;0.8163;0.2564;0.7501;1.0;1.1.0;866c0431c49d;2023,2024,2025
170;61;3518206;Guararapes;31902;10 a 50 mil;0.5317;0;0.936;0.7782;0.0837;0.329;1.0;1.1.0;866c0431c49d;2023,2024,2025
171;62;3550803;São Sebastião da Grama;10378;10 a 50 mil;0.5302;0;0.1634;0.4868;0.9048;0.566;1.0;1.1.0;866c0431c49d;2023,2024,2025
172;63;3540754;Potim;20831;10 a 50 mil;0.5297;0;0.0863;0.3735;0.9947;0.6641;1.0;1.1.0;866c0431c49d;2023,2024,2025
173;64;3556305;Valparaíso;24830;10 a 50 mil;0.5287;0;0.4307;0.5953;0.6667;0.4219;1.0;1.1.0;866c0431c49d;2023,2024,2025
174;54;3507704;Braúna;5487;até 10 mil;0.5283;0;0.2923;0.9183;0.3128;0.5899;1.0;1.1.0;866c0431c49d;2023,2024,2025
175;65;3506607;Biritiba-Mirim;30599;10 a 50 mil;0.5269;0;0.1194;0.9998;0.1279;0.8605;1.0;1.1.0;866c0431c49d;2023,2024,2025
176;66;3513702;Descalvado;32685;10 a 50 mil;0.5268;0;0.936;0.6033;0.2133;0.3544;1.0;1.1.0;866c0431c49d;2023,2024,2025
177;33;3519071;Hortolândia;250195;100 a 500 mil;0.5260;0;0.806;0.835;0.0793;0.3838;1.0;1.1.0;866c0431c49d;2023,2024,2025
178;55;3511904;Clementina;7082;até 10 mil;0.5259;0;0.4696;0.6745;0.4883;0.4711;1.0;1.1.0;866c0431c49d;2023,2024,2025
179;67;3548609;São Bento do Sapucaí;12025;10 a 50 mil;0.5255;0;0.2697;0.564;0.8382;0.4301;1.0;1.1.0;866c0431c49d;2023,2024,2025
180;19;3522406;Itapeva;92454;50 a 100 mil;0.5243;0;1.0;0.6278;0.018;0.4516;1.0;1.1.0;866c0431c49d;2023,2024,2025
180;56;3535101;Palmares Paulista;9627;até 10 mil;0.5243;0;0.1702;0.8726;0.2708;0.7838;1.0;1.1.0;866c0431c49d;2023,2024,2025
182;68;3534302;Orlândia;39099;10 a 50 mil;0.5236;0;0.4758;0.2566;0.6835;0.6784;1.0;1.1.0;866c0431c49d;2023,2024,2025
183;57;3507308;Boracéia;4852;até 10 mil;0.5235;0;0.4222;0.8134;0.2624;0.5962;1.0;1.1.0;866c0431c49d;2023,2024,2025
183;69;3535606;Paraibuna;17968;10 a 50 mil;0.5235;0;0.2553;0.8407;0.6704;0.3278;1.0;1.1.0;866c0431c49d;2023,2024,2025
185;70;3538907;Pirajuí;22726;10 a 50 mil;0.5228;0;0.3698;0.9802;0.2049;0.5363;1.0;1.1.0;866c0431c49d;2023,2024,2025
186;71;3540002;Pompéia;20528;10 a 50 mil;0.5227;0;0.8694;0.6994;0.0649;0.4573;1.0;1.1.0;866c0431c49d;2023,2024,2025
187;58;3522158;Itaóca;3503;até 10 mil;0.5225;0;0.0806;0.8146;0.4467;0.748;1.0;1.1.0;866c0431c49d;2023,2024,2025
188;72;3531407;Monte Aprazível;22684;10 a 50 mil;0.5213;0;0.5182;0.9305;0.0546;0.5819;1.0;1.1.0;866c0431c49d;2023,2024,2025
189;59;3513306;Cruzália;2118;até 10 mil;0.5181;0;0.183;0.8687;0.233;0.7877;1.0;1.1.0;866c0431c49d;2023,2024,2025
190;73;3501004;Altinópolis;17234;10 a 50 mil;0.5171;0;0.7298;0.5864;0.5527;0.1994;1.0;1.1.0;866c0431c49d;2023,2024,2025
191;60;3547205;Santana da Ponte Pensa;1700;até 10 mil;0.5170;0;0.0132;0.2932;1.0;0.7616;1.0;1.1.0;866c0431c49d;2023,2024,2025
192;61;3533106;Nova Guataporanga;2187;até 10 mil;0.5164;0;0.0019;0.5068;1.0;0.5571;1.0;1.1.0;866c0431c49d;2023,2024,2025
193;20;3555000;Tupã;65447;50 a 100 mil;0.5162;0;0.6032;0.5823;0.0021;0.8771;1.0;1.1.0;866c0431c49d;2023,2024,2025
194;62;3537156;Pedrinhas Paulista;2829;até 10 mil;0.5156;0;0.2999;0.8772;0.2102;0.6753;1.0;1.1.0;866c0431c49d;2023,2024,2025
195;74;3556354;Vargem;10915;10 a 50 mil;0.5154;0;0.0793;0.9117;0.3296;0.7409;1.0;1.1.0;866c0431c49d;2023,2024,2025
196;63;3524907;Jambeiro;6642;até 10 mil;0.5146;0;0.3842;0.8858;0.3408;0.4475;1.0;1.1.0;866c0431c49d;2023,2024,2025
197;75;3550209;São Miguel Arcanjo;32943;10 a 50 mil;0.5140;0;0.1076;0.9189;0.4857;0.5437;1.0;1.1.0;866c0431c49d;2023,2024,2025
198;76;3521804;Itaí;26023;10 a 50 mil;0.5112;0;0.6061;0.9202;0.0533;0.4651;1.0;1.1.0;866c0431c49d;2023,2024,2025
199;64;3505401;Barra do Turvo;6868;até 10 mil;0.5108;0;0.118;0.9259;0.5366;0.4625;1.0;1.1.0;866c0431c49d;2023,2024,2025
200;34;3541000;Praia Grande;371190;100 a 500 mil;0.5106;0;1.0;0.4673;0.1776;0.3976;1.0;1.1.0;866c0431c49d;2023,2024,2025
201;35;3518701;Guarujá;294780;100 a 500 mil;0.5101;0;0.5695;0.7356;0.0;0.7353;1.0;1.1.0;866c0431c49d;2023,2024,2025
201;77;3534609;Osvaldo Cruz;32123;10 a 50 mil;0.5101;0;0.5046;0.7683;0.1052;0.6623;1.0;1.1.0;866c0431c49d;2023,2024,2025
203;78;3552106;Socorro;41633;10 a 50 mil;0.5093;0;0.6469;0.8185;0.0063;0.5657;1.0;1.1.0;866c0431c49d;2023,2024,2025
204;36;3513801;Diadema;403802;100 a 500 mil;0.5066;0;0.8654;0.6477;0.0;0.5131;1.0;1.1.0;866c0431c49d;2023,2024,2025
205;65;3553856;Taquarivaí;7223;até 10 mil;0.5063;0;0.4025;0.5679;0.239;0.8158;1.0;1.1.0;866c0431c49d;2023,2024,2025
206;37;3503208;Araraquara;254508;100 a 500 mil;0.5059;0;0.7637;0.8922;0.0039;0.3639;1.0;1.1.0;866c0431c49d;2023,2024,2025
207;79;3514908;Elias Fausto;18226;10 a 50 mil;0.5058;0;0.3933;0.8103;0.19;0.6297;1.0;1.1.0;866c0431c49d;2023,2024,2025
208;66;3529500;Mendonça;6466;até 10 mil;0.5042;0;0.3853;0.6765;0.1107;0.8445;1.0;1.1.0;866c0431c49d;2023,2024,2025
209;38;3539806;Poá;106288;100 a 500 mil;0.5039;0;0.6048;0.5381;0.3284;0.5441;1.0;1.1.0;866c0431c49d;2023,2024,2025
210;67;3543204;Ribeirão do Sul;4783;até 10 mil;0.5029;0;0.3341;0.8829;0.2008;0.5937;1.0;1.1.0;866c0431c49d;2023,2024,2025
211;80;3521903;Itajobi;17576;10 a 50 mil;0.5027;0;0.7193;0.7179;0.194;0.3794;1.0;1.1.0;866c0431c49d;2023,2024,2025
212;81;3517406;Guaíra;40547;10 a 50 mil;0.5013;0;0.8324;0.3681;0.3738;0.431;1.0;1.1.0;866c0431c49d;2023,2024,2025
213;82;3539400;Piratininga;15748;10 a 50 mil;0.5002;0;0.8203;0.499;0.1293;0.5523;1.0;1.1.0;866c0431c49d;2023,2024,2025
214;68;3505351;Barra do Chapéu;5252;até 10 mil;0.5001;0;0.1388;1.0;0.0023;0.8592;1.0;1.1.0;866c0431c49d;2023,2024,2025
214;21;3542602;Registro;62101;50 a 100 mil;0.5001;0;0.8768;0.6496;0.2057;0.2685;1.0;1.1.0;866c0431c49d;2023,2024,2025
216;22;3509007;Caieiras;98810;50 a 100 mil;0.4993;0;0.2833;0.9586;0.2868;0.4686;1.0;1.1.0;866c0431c49d;2023,2024,2025
217;83;3541703;Quatá;13423;10 a 50 mil;0.4990;0;0.7003;0.5191;0.2828;0.494;1.0;1.1.0;866c0431c49d;2023,2024,2025
218;39;3501608;Americana;248392;100 a 500 mil;0.4968;0;0.4084;0.9253;0.1153;0.5382;1.0;1.1.0;866c0431c49d;2023,2024,2025
219;69;3503158;Arapeí;2350;até 10 mil;0.4967;0;0.0;0.6222;0.7729;0.5917;1.0;1.1.0;866c0431c49d;2023,2024,2025
220;84;3556404;Vargem Grande do Sul;41283;10 a 50 mil;0.4957;0;0.5027;0.4412;0.1025;0.9365;1.0;1.1.0;866c0431c49d;2023,2024,2025
221;40;3523404;Itatiba;127729;100 a 500 mil;0.4951;0;0.3715;0.6284;0.2464;0.7343;1.0;1.1.0;866c0431c49d;2023,2024,2025
222;85;3513603;Cunha;22467;10 a 50 mil;0.4914;0;0.3755;0.6414;0.3768;0.5718;1.0;1.1.0;866c0431c49d;2023,2024,2025
223;23;3546801;Santa Isabel;54775;50 a 100 mil;0.4913;0;0.3288;0.9434;0.2506;0.4423;1.0;1.1.0;866c0431c49d;2023,2024,2025
224;24;3507001;Boituva;64240;50 a 100 mil;0.4904;0;0.6266;0.5035;0.0;0.8316;1.0;1.1.0;866c0431c49d;2023,2024,2025
224;86;3515400;Fartura;17069;10 a 50 mil;0.4904;0;0.4922;0.6642;0.2704;0.5347;1.0;1.1.0;866c0431c49d;2023,2024,2025
226;87;3511706;Charqueada;15827;10 a 50 mil;0.4895;0;0.301;0.9167;0.1566;0.5836;1.0;1.1.0;866c0431c49d;2023,2024,2025
227;25;3502101;Andradina;61761;50 a 100 mil;0.4889;0;0.7672;0.5667;0.1048;0.5171;1.0;1.1.0;866c0431c49d;2023,2024,2025
227;70;3548401;Santópolis do Aguapeí;3909;até 10 mil;0.4889;0;0.1229;0.7498;0.3464;0.7366;1.0;1.1.0;866c0431c49d;2023,2024,2025
229;71;3555356;Ubarana;5461;até 10 mil;0.4880;0;0.3834;0.5597;0.2462;0.7626;1.0;1.1.0;866c0431c49d;2023,2024,2025
230;72;3514700;Echaporã;6288;até 10 mil;0.4868;0;0.4261;1.0;0.0;0.5209;1.0;1.1.0;866c0431c49d;2023,2024,2025
231;88;3551801;Sete Barras;12895;10 a 50 mil;0.4863;0;0.3333;1.0;0.0;0.6118;1.0;1.1.0;866c0431c49d;2023,2024,2025
232;73;3515608;Fernando Prestes;6092;até 10 mil;0.4861;0;0.297;0.7714;0.0924;0.7835;1.0;1.1.0;866c0431c49d;2023,2024,2025
233;89;3511607;Cesário Lange;19813;10 a 50 mil;0.4848;0;0.3724;0.6648;0.2164;0.6857;1.0;1.1.0;866c0431c49d;2023,2024,2025
234;90;3522901;Itapuí;14080;10 a 50 mil;0.4840;0;0.2362;1.0;0.0433;0.6564;1.0;1.1.0;866c0431c49d;2023,2024,2025
235;7;3552205;Sorocaba;766390;acima de 500 mil;0.4837;0;0.5667;0.8979;0.0469;0.4234;1.0;1.1.0;866c0431c49d;2023,2024,2025
236;74;3534203;Orindiúva;6167;até 10 mil;0.4836;0;0.4187;0.6006;0.2113;0.7038;1.0;1.1.0;866c0431c49d;2023,2024,2025
236;41;3545209;Salto;141994;100 a 500 mil;0.4836;0;0.9243;0.3784;0.0726;0.5592;1.0;1.1.0;866c0431c49d;2023,2024,2025
238;26;3504503;Avaré;96764;50 a 100 mil;0.4833;0;0.8519;0.5632;0.332;0.1859;1.0;1.1.0;866c0431c49d;2023,2024,2025
239;91;3519303;Ibaté;33204;10 a 50 mil;0.4828;0;0.8597;0.4066;0.0599;0.6051;1.0;1.1.0;866c0431c49d;2023,2024,2025
240;75;3536109;Pardinho;7482;até 10 mil;0.4824;0;0.5878;0.7136;0.4061;0.2222;1.0;1.1.0;866c0431c49d;2023,2024,2025
241;92;3530102;Mirandópolis;28770;10 a 50 mil;0.4808;0;0.3412;0.3586;1.0;0.2235;1.0;1.1.0;866c0431c49d;2023,2024,2025
242;42;3552502;Suzano;321600;100 a 500 mil;0.4807;0;0.4706;0.9817;0.0495;0.421;1.0;1.1.0;866c0431c49d;2023,2024,2025
243;43;3516309;Francisco Morato;171806;100 a 500 mil;0.4803;0;0.3803;0.6006;0.0828;0.8574;1.0;1.1.0;866c0431c49d;2023,2024,2025
244;44;3548500;Santos;429528;100 a 500 mil;0.4800;0;0.5079;0.8113;0.0094;0.5915;1.0;1.1.0;866c0431c49d;2023,2024,2025
244;93;3553955;Tarumã;15375;10 a 50 mil;0.4800;0;0.3569;0.7401;0.351;0.4722;1.0;1.1.0;866c0431c49d;2023,2024,2025
246;76;3547007;Santa Maria da Serra;5303;até 10 mil;0.4797;0;0.2931;0.9025;0.1079;0.6151;1.0;1.1.0;866c0431c49d;2023,2024,2025
247;77;3526506;Lavínia;9967;até 10 mil;0.4796;0;0.2313;0.694;0.6748;0.3183;1.0;1.1.0;866c0431c49d;2023,2024,2025
248;94;3544301;Roseira;11174;10 a 50 mil;0.4793;0;0.3081;0.7401;0.3603;0.5088;1.0;1.1.0;866c0431c49d;2023,2024,2025
249;78;3554953;Tuiuti;7002;até 10 mil;0.4784;0;0.314;0.642;0.585;0.3725;1.0;1.1.0;866c0431c49d;2023,2024,2025
250;45;3556503;Várzea Paulista;119923;100 a 500 mil;0.4783;0;0.1944;0.7008;0.0182;1.0;1.0;1.1.0;866c0431c49d;2023,2024,2025
251;79;3531704;Monteiro Lobato;4206;até 10 mil;0.4782;0;0.2047;0.5204;0.3957;0.7919;1.0;1.1.0;866c0431c49d;2023,2024,2025
252;95;3525102;Jardinópolis;47354;10 a 50 mil;0.4779;0;0.389;0.3434;1.0;0.1792;1.0;1.1.0;866c0431c49d;2023,2024,2025
253;27;3505906;Batatais;59999;50 a 100 mil;0.4778;0;0.6625;0.3123;0.1211;0.8152;1.0;1.1.0;866c0431c49d;2023,2024,2025
254;80;3544806;Sales;6675;até 10 mil;0.4777;0;0.5373;0.942;0.0587;0.3728;1.0;1.1.0;866c0431c49d;2023,2024,2025
255;96;3517208;Guaiçara;11496;10 a 50 mil;0.4775;0;0.4514;0.8128;0.0025;0.6433;1.0;1.1.0;866c0431c49d;2023,2024,2025
256;28;3522604;Itapira;74145;50 a 100 mil;0.4770;0;0.7983;0.5461;0.0;0.5636;1.0;1.1.0;866c0431c49d;2023,2024,2025
256;97;3531902;Morro Agudo;28485;10 a 50 mil;0.4770;0;1.0;0.536;0.0;0.3721;1.0;1.1.0;866c0431c49d;2023,2024,2025
258;81;3518909;Guzolândia;4243;até 10 mil;0.4768;0;0.1762;0.6412;0.39;0.6997;1.0;1.1.0;866c0431c49d;2023,2024,2025
259;46;3525003;Jandira;121848;100 a 500 mil;0.4760;0;0.446;0.666;0.0717;0.7747;0.9722;1.1.0;866c0431c49d;2023,2024,2025
260;82;3537701;Piacatu;5638;até 10 mil;0.4753;0;0.3238;0.7459;0.1767;0.6546;1.0;1.1.0;866c0431c49d;2023,2024,2025
261;83;3527504;Lucianópolis;2427;até 10 mil;0.4746;0;0.0915;0.7292;0.6533;0.4243;1.0;1.1.0;866c0431c49d;2023,2024,2025
262;29;3537305;Penápolis;63523;50 a 100 mil;0.4739;0;0.37;0.7953;0.2993;0.4311;1.0;1.1.0;866c0431c49d;2023,2024,2025
263;47;3529401;Mauá;429064;100 a 500 mil;0.4737;0;0.7774;0.6613;0.003;0.4532;1.0;1.1.0;866c0431c49d;2023,2024,2025
264;84;3545159;Saltinho;8441;até 10 mil;0.4736;0;0.4383;0.9609;0.2287;0.2665;1.0;1.1.0;866c0431c49d;2023,2024,2025
265;98;3539202;Pirapozinho;26125;10 a 50 mil;0.4733;0;0.5034;0.5438;0.3895;0.4566;1.0;1.1.0;866c0431c49d;2023,2024,2025
266;99;3519402;Ibirá;11976;10 a 50 mil;0.4732;0;0.2784;0.714;0.0383;0.8623;1.0;1.1.0;866c0431c49d;2023,2024,2025
267;85;3503703;Ariranha;7592;até 10 mil;0.4728;0;0.6549;0.5047;0.0867;0.645;1.0;1.1.0;866c0431c49d;2023,2024,2025
268;86;3533601;Nuporanga;7587;até 10 mil;0.4726;0;0.3731;0.5963;0.0646;0.8563;1.0;1.1.0;866c0431c49d;2023,2024,2025
269;100;3505302;Barra Bonita;35102;10 a 50 mil;0.4697;0;0.4027;0.7239;0.1784;0.5738;1.0;1.1.0;866c0431c49d;2023,2024,2025
270;87;3513207;Cristais Paulista;9651;até 10 mil;0.4693;0;0.5638;0.6041;0.1325;0.5768;1.0;1.1.0;866c0431c49d;2023,2024,2025
271;101;3540804;Potirendaba;19189;10 a 50 mil;0.4690;0;0.3778;1.0;0.0647;0.4336;1.0;1.1.0;866c0431c49d;2023,2024,2025
271;88;3542800;Ribeira;3151;até 10 mil;0.4690;0;0.1783;1.0;0.0;0.8082;0.9444;1.1.0;866c0431c49d;2023,2024,2025
273;102;3538600;Piracaia;26823;10 a 50 mil;0.4683;0;0.6231;0.6091;0.3453;0.2958;1.0;1.1.0;866c0431c49d;2023,2024,2025
274;103;3521002;Iperó;38527;10 a 50 mil;0.4680;0;0.6143;0.7401;0.0;0.5177;1.0;1.1.0;866c0431c49d;2023,2024,2025
275;104;3519105;Iacanga;10661;10 a 50 mil;0.4672;0;0.4484;0.5765;0.2087;0.6352;1.0;1.1.0;866c0431c49d;2023,2024,2025
276;89;3501400;Álvaro de Carvalho;4906;até 10 mil;0.4651;0;0.0491;0.7307;0.764;0.3166;1.0;1.1.0;866c0431c49d;2023,2024,2025
277;90;3530003;Mira Estrela;3218;até 10 mil;0.4646;0;0.0938;0.8364;0.3148;0.6134;1.0;1.1.0;866c0431c49d;2023,2024,2025
278;91;3501509;Alvinlândia;2915;até 10 mil;0.4641;0;0.1059;0.5407;0.5802;0.6296;1.0;1.1.0;866c0431c49d;2023,2024,2025
279;92;3532058;Motuca;4063;até 10 mil;0.4627;0;0.2525;0.8949;0.1911;0.5125;1.0;1.1.0;866c0431c49d;2023,2024,2025
280;105;3510302;Capela do Alto;23939;10 a 50 mil;0.4625;0;0.3243;0.4276;0.1369;0.9611;1.0;1.1.0;866c0431c49d;2023,2024,2025
281;93;3519808;Icém;7992;até 10 mil;0.4618;0;0.3933;0.8105;0.0503;0.5933;1.0;1.1.0;866c0431c49d;2023,2024,2025
282;30;3549102;São João da Boa Vista;96365;50 a 100 mil;0.4616;0;0.7345;0.6436;0.3315;0.1367;1.0;1.1.0;866c0431c49d;2023,2024,2025
283;94;3535705;Paraíso;6224;até 10 mil;0.4606;0;0.577;0.4171;0.2783;0.5698;1.0;1.1.0;866c0431c49d;2023,2024,2025
284;48;3557006;Votorantim;134103;100 a 500 mil;0.4603;0;0.7875;0.6368;0.1267;0.2902;1.0;1.1.0;866c0431c49d;2023,2024,2025
285;95;3543501;Riversul;5611;até 10 mil;0.4596;0;0.2509;0.8708;0.0438;0.6727;1.0;1.1.0;866c0431c49d;2023,2024,2025
286;31;3526803;Lençóis Paulista;68724;50 a 100 mil;0.4581;0;0.8111;0.6634;0.1366;0.2213;1.0;1.1.0;866c0431c49d;2023,2024,2025
287;32;3554805;Tremembé;53734;50 a 100 mil;0.4575;0;0.1342;0.8356;0.2868;0.5734;1.0;1.1.0;866c0431c49d;2023,2024,2025
288;106;3535507;Paraguaçu Paulista;42014;10 a 50 mil;0.4570;0;0.6085;0.6152;0.171;0.4332;1.0;1.1.0;866c0431c49d;2023,2024,2025
289;49;3524402;Jacareí;251848;100 a 500 mil;0.4567;0;0.2535;0.92;0.0099;0.6435;1.0;1.1.0;866c0431c49d;2023,2024,2025
290;33;3540705;Porto Ferreira;54005;50 a 100 mil;0.4557;0;0.5236;0.4745;0.0561;0.7686;1.0;1.1.0;866c0431c49d;2023,2024,2025
291;96;3545407;Salto Grande;9229;até 10 mil;0.4545;0;0.6336;0.5309;0.0535;0.5998;1.0;1.1.0;866c0431c49d;2023,2024,2025
292;107;3528809;Maracaí;12784;10 a 50 mil;0.4540;0;0.4339;0.851;0.019;0.5119;1.0;1.1.0;866c0431c49d;2023,2024,2025
293;108;3524105;Ituverava;38379;10 a 50 mil;0.4521;0;0.54;0.8276;0.075;0.3658;1.0;1.1.0;866c0431c49d;2023,2024,2025
294;97;3511201;Catiguá;7097;até 10 mil;0.4518;0;0.1846;0.9387;0.0594;0.6245;1.0;1.1.0;866c0431c49d;2023,2024,2025
295;98;3542305;Redenção da Serra;4656;até 10 mil;0.4512;0;0.0634;0.5313;0.4125;0.7975;1.0;1.1.0;866c0431c49d;2023,2024,2025
296;99;3521507;Irapuã;6920;até 10 mil;0.4503;0;0.3794;0.914;0.0;0.5078;1.0;1.1.0;866c0431c49d;2023,2024,2025
296;109;3523503;Itatinga;19493;10 a 50 mil;0.4503;0;0.5885;0.6761;0.1682;0.3682;1.0;1.1.0;866c0431c49d;2023,2024,2025
298;110;3544103;Rio Grande da Serra;45331;10 a 50 mil;0.4498;0;0.253;0.9656;0.1969;0.3838;1.0;1.1.0;866c0431c49d;2023,2024,2025
299;111;3539509;Pitangueiras;34311;10 a 50 mil;0.4491;0;0.8173;0.3409;0.0128;0.6256;1.0;1.1.0;866c0431c49d;2023,2024,2025
300;112;3518602;Guariba;38740;10 a 50 mil;0.4490;0;0.4647;0.378;0.2464;0.7067;1.0;1.1.0;866c0431c49d;2023,2024,2025
301;113;3537404;Pereira Barreto;24334;10 a 50 mil;0.4482;0;0.4957;0.6741;0.2075;0.4157;1.0;1.1.0;866c0431c49d;2023,2024,2025
302;100;3504800;Bálsamo;9946;até 10 mil;0.4479;0;0.4623;0.5724;0.0123;0.7445;1.0;1.1.0;866c0431c49d;2023,2024,2025
303;101;3547650;Santa Salete;1698;até 10 mil;0.4472;0;0.0394;0.2833;1.0;0.4661;1.0;1.1.0;866c0431c49d;2023,2024,2025
304;50;3504008;Assis;105051;100 a 500 mil;0.4471;0;0.3677;0.377;0.5432;0.5003;1.0;1.1.0;866c0431c49d;2023,2024,2025
305;102;3552908;Taciba;6434;até 10 mil;0.4470;0;0.4722;0.4531;0.2646;0.5979;1.0;1.1.0;866c0431c49d;2023,2024,2025
306;103;3519253;Iaras;8362;até 10 mil;0.4464;0;0.4747;0.5313;0.2798;0.4996;1.0;1.1.0;866c0431c49d;2023,2024,2025
307;104;3532306;Natividade da Serra;7164;até 10 mil;0.4463;0;0.1642;0.5566;0.3665;0.698;1.0;1.1.0;866c0431c49d;2023,2024,2025
307;104;3543105;Ribeirão Corrente;4727;até 10 mil;0.4463;0;0.211;0.7409;0.0;0.8332;1.0;1.1.0;866c0431c49d;2023,2024,2025
309;34;3527207;Lorena;87551;50 a 100 mil;0.4432;0;0.3552;0.4504;0.3127;0.6544;1.0;1.1.0;866c0431c49d;2023,2024,2025
310;114;3521408;Iracemápolis;22559;10 a 50 mil;0.4426;0;0.4085;0.6802;0.1885;0.4931;1.0;1.1.0;866c0431c49d;2023,2024,2025
310;106;3548104;Santo Antônio do Jardim;6248;até 10 mil;0.4426;0;0.2866;0.7683;0.0798;0.6357;1.0;1.1.0;866c0431c49d;2023,2024,2025
312;107;3516507;Gabriel Monteiro;2815;até 10 mil;0.4421;0;0.1825;0.8103;0.1124;0.6631;1.0;1.1.0;866c0431c49d;2023,2024,2025
313;115;3504909;Bananal;10089;10 a 50 mil;0.4413;0;0.4714;0.3257;0.0793;0.8887;1.0;1.1.0;866c0431c49d;2023,2024,2025
314;8;3518800;Guarulhos;1351284;acima de 500 mil;0.4409;0;0.4816;0.6409;0.0;0.6412;1.0;1.1.0;866c0431c49d;2023,2024,2025
315;116;3514403;Dracena;46800;10 a 50 mil;0.4399;0;0.4586;0.6204;0.0232;0.6573;1.0;1.1.0;866c0431c49d;2023,2024,2025
316;117;3545605;Santa Adélia;14183;10 a 50 mil;0.4398;0;0.3718;0.8405;0.2023;0.3447;1.0;1.1.0;866c0431c49d;2023,2024,2025
317;51;3505500;Barretos;127276;100 a 500 mil;0.4397;0;0.5225;0.7465;0.0;0.4898;1.0;1.1.0;866c0431c49d;2023,2024,2025
318;108;3532801;Nova Aliança;6910;até 10 mil;0.4389;0;0.3603;0.6041;0.0108;0.7802;1.0;1.1.0;866c0431c49d;2023,2024,2025
319;109;3505005;Barão de Antonina;3644;até 10 mil;0.4386;0;0.0;0.2049;1.0;0.5497;1.0;1.1.0;866c0431c49d;2023,2024,2025
320;118;3552700;Tabatinga;15000;10 a 50 mil;0.4380;0;0.2934;0.516;0.4083;0.5343;1.0;1.1.0;866c0431c49d;2023,2024,2025
321;52;3511102;Catanduva;119368;100 a 500 mil;0.4378;0;0.3224;0.8451;0.0726;0.511;1.0;1.1.0;866c0431c49d;2023,2024,2025
322;119;3550100;São Manuel;38099;10 a 50 mil;0.4365;0;0.3384;0.5634;0.1132;0.7309;1.0;1.1.0;866c0431c49d;2023,2024,2025
323;120;3526209;Juquitiba;27929;10 a 50 mil;0.4362;0;0.1816;0.9366;0.0962;0.5305;1.0;1.1.0;866c0431c49d;2023,2024,2025
324;121;3520103;Igarapava;26643;10 a 50 mil;0.4358;0;0.3575;0.7558;0.2011;0.4287;1.0;1.1.0;866c0431c49d;2023,2024,2025
325;110;3514601;Dumont;9804;até 10 mil;0.4356;0;0.4689;0.2414;0.1851;0.8471;1.0;1.1.0;866c0431c49d;2023,2024,2025
326;111;3510906;Cássia dos Coqueiros;2866;até 10 mil;0.4345;0;0.13;0.3181;0.7733;0.5164;1.0;1.1.0;866c0431c49d;2023,2024,2025
327;9;3547809;Santo André;784290;acima de 500 mil;0.4340;0;0.414;0.7163;0.0;0.6059;1.0;1.1.0;866c0431c49d;2023,2024,2025
328;112;3518107;Guarantã;6532;até 10 mil;0.4339;0;0.3529;0.6222;0.1542;0.6064;1.0;1.1.0;866c0431c49d;2023,2024,2025
329;122;3507407;Borborema;14396;10 a 50 mil;0.4333;0;0.4881;0.53;0.0397;0.6754;1.0;1.1.0;866c0431c49d;2023,2024,2025
329;113;3554706;Torrinha;9484;até 10 mil;0.4333;0;0.3699;0.7035;0.1219;0.538;1.0;1.1.0;866c0431c49d;2023,2024,2025
331;114;3542503;Reginópolis;7830;até 10 mil;0.4331;0;0.4501;0.5228;0.1287;0.6307;1.0;1.1.0;866c0431c49d;2023,2024,2025
332;115;3554755;Trabiju;1728;até 10 mil;0.4318;0;0.0705;0.7086;0.254;0.6942;1.0;1.1.0;866c0431c49d;2023,2024,2025
333;10;3534401;Osasco;761441;acima de 500 mil;0.4311;0;0.5457;0.8329;0.0;0.3457;1.0;1.1.0;866c0431c49d;2023,2024,2025
334;35;3503901;Arujá;90644;50 a 100 mil;0.4307;0;0.1772;0.9193;0.0;0.6263;1.0;1.1.0;866c0431c49d;2023,2024,2025
335;123;3551900;Severínia;14666;10 a 50 mil;0.4306;0;0.3571;0.6488;0.139;0.5776;1.0;1.1.0;866c0431c49d;2023,2024,2025
336;124;3548005;Santo Antônio de Posse;23945;10 a 50 mil;0.4292;0;0.6688;0.6451;0.0262;0.3767;1.0;1.1.0;866c0431c49d;2023,2024,2025
337;36;3528403;Mairinque;52092;50 a 100 mil;0.4288;1;0.6721;0.4512;;0.163;1.0;1.1.0;866c0431c49d;2023,2024,2025
338;125;3526001;Junqueirópolis;20991;10 a 50 mil;0.4280;0;0.5513;0.6249;0.0077;0.5283;1.0;1.1.0;866c0431c49d;2023,2024,2025
339;126;3525508;Joanópolis;13162;10 a 50 mil;0.4274;0;0.3755;0.8907;0.0805;0.3627;1.0;1.1.0;866c0431c49d;2023,2024,2025
340;127;3501152;Alumínio;17621;10 a 50 mil;0.4269;0;0.2694;0.4516;0.3333;0.6535;1.0;1.1.0;866c0431c49d;2023,2024,2025
341;116;3549003;São Francisco;2617;até 10 mil;0.4258;0;0.0953;0.7574;0.4403;0.4102;1.0;1.1.0;866c0431c49d;2023,2024,2025
342;128;3553005;Taguaí;13124;10 a 50 mil;0.4248;0;0.3071;0.6514;0.0;0.7405;1.0;1.1.0;866c0431c49d;2023,2024,2025
343;129;3555109;Tupi Paulista;16307;10 a 50 mil;0.4246;0;0.0974;0.7397;0.1115;0.7497;1.0;1.1.0;866c0431c49d;2023,2024,2025
344;53;3518404;Guaratinguetá;122100;100 a 500 mil;0.4243;0;0.3376;0.8778;0.0447;0.4371;1.0;1.1.0;866c0431c49d;2023,2024,2025
345;117;3552551;Suzanápolis;3466;até 10 mil;0.4239;0;0.3883;0.2064;0.6473;0.4537;1.0;1.1.0;866c0431c49d;2023,2024,2025
346;54;3522307;Itapetininga;164687;100 a 500 mil;0.4236;0;0.8636;0.5467;0.0367;0.2473;1.0;1.1.0;866c0431c49d;2023,2024,2025
347;118;3546256;Santa Cruz da Esperança;2173;até 10 mil;0.4228;0;0.0584;0.6765;0.2498;0.7063;1.0;1.1.0;866c0431c49d;2023,2024,2025
348;119;3503000;Aramina;5543;até 10 mil;0.4226;0;0.3978;0.4704;0.0761;0.7461;1.0;1.1.0;866c0431c49d;2023,2024,2025
349;130;3526407;Laranjal Paulista;27075;10 a 50 mil;0.4216;0;0.5951;0.5745;0.0391;0.4777;1.0;1.1.0;866c0431c49d;2023,2024,2025
350;131;3514502;Duartina;12534;10 a 50 mil;0.4206;0;0.433;0.6072;0.2917;0.3505;1.0;1.1.0;866c0431c49d;2023,2024,2025
351;132;3525706;José Bonifácio;38111;10 a 50 mil;0.4199;0;0.6614;0.6039;0.0;0.4143;1.0;1.1.0;866c0431c49d;2023,2024,2025
351;120;3546108;Santa Clara d'Oeste;2710;até 10 mil;0.4199;0;0.0694;0.6103;0.0;1.0;1.0;1.1.0;866c0431c49d;2023,2024,2025
353;121;3500204;Adolfo;4529;até 10 mil;0.4189;0;0.1619;0.6317;0.3552;0.5266;1.0;1.1.0;866c0431c49d;2023,2024,2025
354;133;3532009;Morungaba;14206;10 a 50 mil;0.4180;0;0.2043;0.9224;0.0;0.5453;1.0;1.1.0;866c0431c49d;2023,2024,2025
355;122;3540853;Pracinha;2581;até 10 mil;0.4179;0;0.0;0.8084;0.0994;0.7637;1.0;1.1.0;866c0431c49d;2023,2024,2025
356;37;3537602;Peruíbe;70891;50 a 100 mil;0.4176;0;0.3086;0.5263;0.0;0.8357;1.0;1.1.0;866c0431c49d;2023,2024,2025
357;123;3501103;Alto Alegre;3866;até 10 mil;0.4173;0;0.2997;0.2772;0.3912;0.7011;1.0;1.1.0;866c0431c49d;2023,2024,2025
357;123;3508900;Caiabu;3715;até 10 mil;0.4173;0;0.0802;0.4146;0.4373;0.7371;1.0;1.1.0;866c0431c49d;2023,2024,2025
359;125;3500758;Alambari;6411;até 10 mil;0.4172;0;0.2525;0.5932;0.1145;0.7087;1.0;1.1.0;866c0431c49d;2023,2024,2025
359;125;3550506;São Pedro do Turvo;7334;até 10 mil;0.4172;0;0.4219;0.5455;0.2706;0.4308;1.0;1.1.0;866c0431c49d;2023,2024,2025
361;127;3546207;Santa Cruz da Conceição;4383;até 10 mil;0.4169;0;0.3634;0.3204;0.3824;0.7529;0.9167;1.1.0;866c0431c49d;2023,2024,2025
362;128;3502309;Anhembi;5767;até 10 mil;0.4163;0;0.3805;1.0;0.0345;0.25;1.0;1.1.0;866c0431c49d;2023,2024,2025
363;129;3521606;Irapuru;7098;até 10 mil;0.4158;0;0.2549;0.5669;0.0813;0.7602;1.0;1.1.0;866c0431c49d;2023,2024,2025
363;129;3532504;Neves Paulista;9981;até 10 mil;0.4158;0;0.4362;0.9298;0.0235;0.2737;1.0;1.1.0;866c0431c49d;2023,2024,2025
365;55;3515004;Embu das Artes;260113;100 a 500 mil;0.4141;0;0.2872;1.0;0.0606;0.3084;1.0;1.1.0;866c0431c49d;2023,2024,2025
366;134;3510807;Casa Branca;28773;10 a 50 mil;0.4140;0;0.1198;0.9245;0.0343;0.5774;1.0;1.1.0;866c0431c49d;2023,2024,2025
366;56;3541406;Presidente Prudente;235264;100 a 500 mil;0.4140;0;1.0;0.3848;0.0893;0.1818;1.0;1.1.0;866c0431c49d;2023,2024,2025
368;135;3526100;Juquiá;17121;10 a 50 mil;0.4139;0;0.0647;0.7204;0.113;0.7574;1.0;1.1.0;866c0431c49d;2023,2024,2025
369;136;3555604;Uchoa;10698;10 a 50 mil;0.4138;0;0.339;0.5191;0.051;0.7462;1.0;1.1.0;866c0431c49d;2023,2024,2025
370;131;3504305;Avaí;4489;até 10 mil;0.4132;0;0.35;0.6936;0.0176;0.5916;1.0;1.1.0;866c0431c49d;2023,2024,2025
371;132;3503406;Arealva;8299;até 10 mil;0.4125;0;0.3985;0.7973;0.1305;0.3237;1.0;1.1.0;866c0431c49d;2023,2024,2025
372;137;3535002;Palestina;11717;10 a 50 mil;0.4121;0;0.2933;0.8477;0.0;0.5074;1.0;1.1.0;866c0431c49d;2023,2024,2025
373;138;3553302;Tambaú;21620;10 a 50 mil;0.4106;0;0.4221;0.8091;0.1323;0.2788;1.0;1.1.0;866c0431c49d;2023,2024,2025
374;139;3520004;Igaraçu do Tietê;23414;10 a 50 mil;0.4098;0;0.3405;0.8123;0.1852;0.3013;1.0;1.1.0;866c0431c49d;2023,2024,2025
375;133;3542008;Quintana;7291;até 10 mil;0.4080;0;0.2068;0.9994;0.0;0.4259;1.0;1.1.0;866c0431c49d;2023,2024,2025
376;134;3515806;Flora Rica;1475;até 10 mil;0.4072;0;0.0;0.2576;0.7387;0.6326;1.0;1.1.0;866c0431c49d;2023,2024,2025
377;140;3549953;São Lourenço da Serra;16541;10 a 50 mil;0.4059;0;0.3227;0.4735;0.1602;0.6673;1.0;1.1.0;866c0431c49d;2023,2024,2025
378;135;3543709;Rincão;9061;até 10 mil;0.4053;0;0.4224;0.6451;0.0;0.5537;1.0;1.1.0;866c0431c49d;2023,2024,2025
379;38;3531803;Monte Mor;68311;50 a 100 mil;0.4037;0;0.4619;0.7313;0.1789;0.2429;1.0;1.1.0;866c0431c49d;2023,2024,2025
380;136;3506409;Bilac;7473;até 10 mil;0.4036;0;0.5667;0.5558;0.0158;0.476;1.0;1.1.0;866c0431c49d;2023,2024,2025
380;141;3521705;Itaberá;18267;10 a 50 mil;0.4036;0;0.596;0.4868;0.0053;0.5263;1.0;1.1.0;866c0431c49d;2023,2024,2025
382;142;3523305;Itariri;15917;10 a 50 mil;0.4035;0;0.1768;0.8481;0.0945;0.4947;1.0;1.1.0;866c0431c49d;2023,2024,2025
383;39;3531100;Mongaguá;65321;50 a 100 mil;0.4031;0;0.4349;0.8471;0.0;0.3303;1.0;1.1.0;866c0431c49d;2023,2024,2025
384;57;3503307;Araras;136113;100 a 500 mil;0.4027;0;0.5646;0.6737;0.0355;0.3368;1.0;1.1.0;866c0431c49d;2023,2024,2025
385;143;3557204;Chavantes;12418;10 a 50 mil;0.4026;0;0.3408;0.579;0.0;0.6908;1.0;1.1.0;866c0431c49d;2023,2024,2025
386;58;3548906;São Carlos;267441;100 a 500 mil;0.4022;0;0.2767;0.5728;0.2154;0.5441;1.0;1.1.0;866c0431c49d;2023,2024,2025
387;137;3540101;Pongaí;3437;até 10 mil;0.4020;0;0.0235;0.444;0.3398;0.8006;1.0;1.1.0;866c0431c49d;2023,2024,2025
388;144;3542909;Ribeirão Bonito;11006;10 a 50 mil;0.4019;0;0.1897;0.8444;0.0853;0.4881;1.0;1.1.0;866c0431c49d;2023,2024,2025
389;138;3541059;Pratânia;5280;até 10 mil;0.4018;0;0.1434;0.908;0.1088;0.4472;1.0;1.1.0;866c0431c49d;2023,2024,2025
390;40;3519709;Ibiúna;77936;50 a 100 mil;0.4005;0;0.6485;0.5786;0.0;0.3751;1.0;1.1.0;866c0431c49d;2023,2024,2025
391;139;3546504;Santa Ernestina;6291;até 10 mil;0.4003;0;0.1619;0.3885;0.6797;0.3713;1.0;1.1.0;866c0431c49d;2023,2024,2025
392;145;3529203;Martinópolis;25260;10 a 50 mil;0.4000;0;0.5748;0.5163;0.1893;0.3197;1.0;1.1.0;866c0431c49d;2023,2024,2025
393;146;3539004;Pirangi;11093;10 a 50 mil;0.3998;0;0.3123;1.0;0.0702;0.2166;1.0;1.1.0;866c0431c49d;2023,2024,2025
394;147;3520905;Ipaussu;13936;10 a 50 mil;0.3997;0;0.2551;0.8222;0.0043;0.5174;1.0;1.1.0;866c0431c49d;2023,2024,2025
395;140;3510153;Canitar;6647;até 10 mil;0.3992;0;0.1909;0.5113;0.1823;0.7121;1.0;1.1.0;866c0431c49d;2023,2024,2025
396;41;3556453;Vargem Grande Paulista;52574;50 a 100 mil;0.3982;0;0.6095;0.5288;0.0065;0.4479;1.0;1.1.0;866c0431c49d;2023,2024,2025
397;42;3549706;São José do Rio Pardo;53437;50 a 100 mil;0.3979;0;0.3746;0.5893;0.0827;0.5449;1.0;1.1.0;866c0431c49d;2023,2024,2025
398;141;3516804;Gastão Vidigal;3175;até 10 mil;0.3970;0;0.1622;0.7461;0.0367;0.643;1.0;1.1.0;866c0431c49d;2023,2024,2025
399;148;3542404;Regente Feijó;20671;10 a 50 mil;0.3962;0;0.6272;0.6298;0.0;0.3279;1.0;1.1.0;866c0431c49d;2023,2024,2025
400;142;3534104;Oriente;6180;até 10 mil;0.3960;0;0.3649;0.6173;0.0795;0.5222;1.0;1.1.0;866c0431c49d;2023,2024,2025
401;149;3529807;Mineiros do Tietê;11297;10 a 50 mil;0.3954;0;0.3182;0.6597;0.0444;0.5593;1.0;1.1.0;866c0431c49d;2023,2024,2025
402;143;3512902;Cosmorama;9064;até 10 mil;0.3949;0;0.5606;0.2107;0.1843;0.624;1.0;1.1.0;866c0431c49d;2023,2024,2025
403;59;3551009;São Vicente;338253;100 a 500 mil;0.3943;0;0.5456;0.5926;0.0334;0.4055;1.0;1.1.0;866c0431c49d;2023,2024,2025
404;150;3507902;Brotas;24571;10 a 50 mil;0.3921;0;0.525;0.6416;0.0;0.4017;1.0;1.1.0;866c0431c49d;2023,2024,2025
405;144;3524501;Jaci;8003;até 10 mil;0.3916;0;0.4349;0.5212;0.2134;0.3967;1.0;1.1.0;866c0431c49d;2023,2024,2025
406;43;3506102;Bebedouro;78298;50 a 100 mil;0.3908;0;0.7347;0.2617;0.0;0.5667;1.0;1.1.0;866c0431c49d;2023,2024,2025
407;151;3507100;Bom Jesus dos Perdões;22648;10 a 50 mil;0.3905;0;0.6162;0.2037;0.4486;0.2936;1.0;1.1.0;866c0431c49d;2023,2024,2025
408;152;3538501;Piquete;12468;10 a 50 mil;0.3904;0;0.0436;0.4416;0.1926;0.8839;1.0;1.1.0;866c0431c49d;2023,2024,2025
409;44;3524303;Jaboticabal;73479;50 a 100 mil;0.3901;0;0.6025;0.6586;0.0404;0.259;1.0;1.1.0;866c0431c49d;2023,2024,2025
409;153;3551108;Sarapuí;10718;10 a 50 mil;0.3901;0;0.2631;0.5265;0.006;0.7649;1.0;1.1.0;866c0431c49d;2023,2024,2025
411;154;3554508;Tietê;38749;10 a 50 mil;0.3896;0;0.4736;0.4358;0.2306;0.4185;1.0;1.1.0;866c0431c49d;2023,2024,2025
411;145;3500402;Águas da Prata;7457;até 10 mil;0.3896;0;0.2044;0.244;0.4374;0.6725;1.0;1.1.0;866c0431c49d;2023,2024,2025
413;155;3512209;Conchal;29220;10 a 50 mil;0.3882;0;0.4916;0.4327;0.0387;0.5898;1.0;1.1.0;866c0431c49d;2023,2024,2025
414;146;3548302;Santo Expedito;3075;até 10 mil;0.3881;0;0.0;0.5479;0.6498;0.3548;1.0;1.1.0;866c0431c49d;2023,2024,2025
415;156;3533007;Nova Granada;19741;10 a 50 mil;0.3877;0;0.2515;0.916;0.1256;0.2576;1.0;1.1.0;866c0431c49d;2023,2024,2025
416;157;3552601;Tabapuã;11497;10 a 50 mil;0.3869;0;0.3581;0.5041;0.0136;0.6717;1.0;1.1.0;866c0431c49d;2023,2024,2025
417;147;3554904;Três Fronteiras;7102;até 10 mil;0.3858;0;0.0929;0.4261;0.2245;0.7997;1.0;1.1.0;866c0431c49d;2023,2024,2025
418;148;3536802;Pedra Bela;6768;até 10 mil;0.3857;0;0.3599;0.2784;0.4796;0.4251;1.0;1.1.0;866c0431c49d;2023,2024,2025
419;149;3551207;Sarutaiá;3775;até 10 mil;0.3852;0;0.0134;0.4535;0.222;0.992;0.9167;1.1.0;866c0431c49d;2023,2024,2025
420;158;3508801;Cafelândia;16908;10 a 50 mil;0.3847;0;0.5827;0.5874;0.0;0.3688;1.0;1.1.0;866c0431c49d;2023,2024,2025
421;159;3523602;Itirapina;16473;10 a 50 mil;0.3840;0;0.3313;0.2961;0.6745;0.2339;1.0;1.1.0;866c0431c49d;2023,2024,2025
422;160;3504602;Bady Bassitt;29738;10 a 50 mil;0.3827;0;0.502;0.7733;0.0028;0.2528;1.0;1.1.0;866c0431c49d;2023,2024,2025
423;161;3531506;Monte Azul Paulista;18314;10 a 50 mil;0.3825;0;0.3319;0.4508;0.0;0.7474;1.0;1.1.0;866c0431c49d;2023,2024,2025
424;162;3536000;Parapuã;10712;10 a 50 mil;0.3823;0;0.2744;0.4708;0.0;0.7841;1.0;1.1.0;866c0431c49d;2023,2024,2025
425;150;3532702;Nipoã;4891;até 10 mil;0.3821;0;0.1442;0.5084;0.1383;0.7375;1.0;1.1.0;866c0431c49d;2023,2024,2025
426;151;3533205;Nova Independência;4894;até 10 mil;0.3818;0;0.2081;0.4525;0.0625;0.804;1.0;1.1.0;866c0431c49d;2023,2024,2025
427;163;3511300;Cedral;13454;10 a 50 mil;0.3813;0;0.4059;0.7317;0.0991;0.2885;1.0;1.1.0;866c0431c49d;2023,2024,2025
428;152;3553658;Taquaral;2645;até 10 mil;0.3808;0;0.1194;0.6095;0.5466;0.2478;1.0;1.1.0;866c0431c49d;2023,2024,2025
429;164;3524600;Jacupiranga;16183;10 a 50 mil;0.3802;0;0.1962;0.6245;0.1556;0.5447;1.0;1.1.0;866c0431c49d;2023,2024,2025
430;153;3521200;Iporanga;4075;até 10 mil;0.3799;0;0.2006;0.8389;0.1071;0.373;1.0;1.1.0;866c0431c49d;2023,2024,2025
431;154;3556958;Vitória Brasil;1830;até 10 mil;0.3786;0;0.0;0.3858;0.3977;0.731;1.0;1.1.0;866c0431c49d;2023,2024,2025
432;155;3514957;Embaúba;2346;até 10 mil;0.3781;0;0.0552;0.7309;0.1367;0.5896;1.0;1.1.0;866c0431c49d;2023,2024,2025
433;60;3554102;Taubaté;323380;100 a 500 mil;0.3780;0;0.8995;0.4171;0.0;0.1954;1.0;1.1.0;866c0431c49d;2023,2024,2025
434;61;3543907;Rio Claro;210794;100 a 500 mil;0.3779;0;0.3158;0.6418;0.0;0.5541;1.0;1.1.0;866c0431c49d;2023,2024,2025
435;156;3532900;Nova Europa;9460;até 10 mil;0.3769;0;0.2982;0.42;0.2993;0.4899;1.0;1.1.0;866c0431c49d;2023,2024,2025
436;165;3518503;Guareí;15299;10 a 50 mil;0.3765;0;0.3167;0.334;0.4515;0.4037;1.0;1.1.0;866c0431c49d;2023,2024,2025
437;157;3543253;Ribeirão Grande;7572;até 10 mil;0.3764;0;0.1607;0.3035;0.1892;0.8522;1.0;1.1.0;866c0431c49d;2023,2024,2025
438;166;3510005;Cândido Mota;30144;10 a 50 mil;0.3760;0;0.3161;0.5975;0.1321;0.4583;1.0;1.1.0;866c0431c49d;2023,2024,2025
439;167;3538808;Piraju;30324;10 a 50 mil;0.3758;0;0.6336;0.4619;0.0;0.4076;1.0;1.1.0;866c0431c49d;2023,2024,2025
440;158;3508306;Cabrália Paulista;4358;até 10 mil;0.3750;0;0.1734;0.5547;0.0704;0.7014;1.0;1.1.0;866c0431c49d;2023,2024,2025
441;168;3513900;Divinolândia;11296;10 a 50 mil;0.3745;0;0.1334;0.0;0.6983;0.6665;1.0;1.1.0;866c0431c49d;2023,2024,2025
442;169;3547700;Santo Anastácio;17884;10 a 50 mil;0.3739;0;0.1196;0.5844;0.0108;0.7806;1.0;1.1.0;866c0431c49d;2023,2024,2025
443;159;3536406;Paulicéia;8303;até 10 mil;0.3736;0;0.2447;0.3848;0.0523;0.8128;1.0;1.1.0;866c0431c49d;2023,2024,2025
444;160;3525607;João Ramalho;4470;até 10 mil;0.3733;0;0.3477;0.5426;0.2948;0.308;1.0;1.1.0;866c0431c49d;2023,2024,2025
445;170;3544202;Riolândia;10436;10 a 50 mil;0.3728;0;0.1736;0.4689;0.0353;0.8132;1.0;1.1.0;866c0431c49d;2023,2024,2025
446;171;3544251;Rosana;17366;10 a 50 mil;0.3726;0;0.5537;0.3994;0.0;0.5374;1.0;1.1.0;866c0431c49d;2023,2024,2025
447;161;3532843;Nova Canaã Paulista;2053;até 10 mil;0.3724;0;0.0631;0.456;0.1041;0.8662;1.0;1.1.0;866c0431c49d;2023,2024,2025
448;62;3554003;Tatuí;129640;100 a 500 mil;0.3722;0;0.5129;0.6397;0.0;0.3362;1.0;1.1.0;866c0431c49d;2023,2024,2025
449;45;3512803;Cosmópolis;61196;50 a 100 mil;0.3718;0;0.5274;0.4463;0.0637;0.4498;1.0;1.1.0;866c0431c49d;2023,2024,2025
450;172;3500709;Agudos;39084;10 a 50 mil;0.3711;0;0.5442;0.4702;0.0;0.47;1.0;1.1.0;866c0431c49d;2023,2024,2025
451;162;3520707;Indiaporã;4117;até 10 mil;0.3705;0;0.2368;0.5327;0.1523;0.56;1.0;1.1.0;866c0431c49d;2023,2024,2025
452;163;3534500;Oscar Bressane;2500;até 10 mil;0.3693;0;0.1375;0.7185;0.0369;0.5843;1.0;1.1.0;866c0431c49d;2023,2024,2025
453;164;3515129;Emilianópolis;3061;até 10 mil;0.3691;0;0.0489;0.2298;0.5992;0.5987;1.0;1.1.0;866c0431c49d;2023,2024,2025
454;173;3547502;Santa Rita do Passa Quatro;24938;10 a 50 mil;0.3689;0;0.4235;0.5002;0.0;0.5517;1.0;1.1.0;866c0431c49d;2023,2024,2025
455;165;3554607;Timburi;2478;até 10 mil;0.3687;0;0.0749;0.8502;0.0142;0.5357;1.0;1.1.0;866c0431c49d;2023,2024,2025
456;166;3546900;Santa Lúcia;7111;até 10 mil;0.3670;0;0.3926;0.4045;0.2175;0.5395;0.9445;1.1.0;866c0431c49d;2023,2024,2025
457;174;3512001;Colina;18914;10 a 50 mil;0.3669;0;0.5812;0.5457;0.0;0.3405;1.0;1.1.0;866c0431c49d;2023,2024,2025
458;63;3522208;Itapecerica da Serra;163187;100 a 500 mil;0.3668;0;0.506;0.5969;0.0;0.3642;1.0;1.1.0;866c0431c49d;2023,2024,2025
459;167;3510104;Cândido Rodrigues;2966;até 10 mil;0.3649;0;0.1479;0.8123;0.2071;0.2921;1.0;1.1.0;866c0431c49d;2023,2024,2025
460;168;3507159;Bom Sucesso de Itararé;3609;até 10 mil;0.3644;0;0.1513;0.6305;0.2179;0.4579;1.0;1.1.0;866c0431c49d;2023,2024,2025
461;64;3516408;Franco da Rocha;150648;100 a 500 mil;0.3637;0;0.1386;0.6757;0.0;0.6404;1.0;1.1.0;866c0431c49d;2023,2024,2025
462;169;3544707;Sagres;2524;até 10 mil;0.3634;0;0.0693;0.5436;0.2636;0.5769;1.0;1.1.0;866c0431c49d;2023,2024,2025
462;169;3555901;Uru;1428;até 10 mil;0.3634;0;0.0582;0.635;0.1729;0.5874;1.0;1.1.0;866c0431c49d;2023,2024,2025
464;171;3532108;Murutinga do Sul;3734;até 10 mil;0.3632;0;0.054;0.7893;0.2088;0.4008;1.0;1.1.0;866c0431c49d;2023,2024,2025
465;46;3550605;São Roque;81387;50 a 100 mil;0.3631;0;0.2819;0.7111;0.032;0.4276;1.0;1.1.0;866c0431c49d;2023,2024,2025
466;172;3512100;Colômbia;6822;até 10 mil;0.3628;0;0.634;0.3356;0.0;0.4817;1.0;1.1.0;866c0431c49d;2023,2024,2025
467;173;3536901;Pedranópolis;2863;até 10 mil;0.3627;0;0.0311;0.5434;0.0;0.8765;1.0;1.1.0;866c0431c49d;2023,2024,2025
468;47;3510401;Capivari;51415;50 a 100 mil;0.3613;0;0.4322;0.3366;0.0244;0.6518;1.0;1.1.0;866c0431c49d;2023,2024,2025
469;174;3518859;Guatapará;7485;até 10 mil;0.3603;0;0.4589;0.1817;0.4958;0.3046;1.0;1.1.0;866c0431c49d;2023,2024,2025
470;175;3551306;Sebastianópolis do Sul;3194;até 10 mil;0.3594;0;0.3146;0.515;0.0;0.6078;1.0;1.1.0;866c0431c49d;2023,2024,2025
471;176;3528858;Marapoama;3435;até 10 mil;0.3592;0;0.1214;0.7383;0.1747;0.4024;1.0;1.1.0;866c0431c49d;2023,2024,2025
472;175;3506300;Bernardino de Campos;11906;10 a 50 mil;0.3574;0;0.4578;0.5786;0.0344;0.3588;1.0;1.1.0;866c0431c49d;2023,2024,2025
473;177;3517802;Guaraçaí;7423;até 10 mil;0.3560;0;0.2673;0.5401;0.181;0.4356;1.0;1.1.0;866c0431c49d;2023,2024,2025
474;176;3508108;Buritama;17712;10 a 50 mil;0.3559;0;0.1433;0.8263;0.0378;0.4162;1.0;1.1.0;866c0431c49d;2023,2024,2025
475;177;3544905;Sales Oliveira;11708;10 a 50 mil;0.3538;0;0.4131;0.6282;0.0016;0.3721;1.0;1.1.0;866c0431c49d;2023,2024,2025
476;65;3529005;Marília;247992;100 a 500 mil;0.3537;0;0.3202;0.9636;0.0;0.131;1.0;1.1.0;866c0431c49d;2023,2024,2025
477;48;3524808;Jales;50132;50 a 100 mil;0.3531;0;0.257;0.4337;0.0;0.7218;1.0;1.1.0;866c0431c49d;2023,2024,2025
478;178;3544004;Rio das Pedras;32386;10 a 50 mil;0.3528;0;0.5407;0.6389;0.0657;0.1661;1.0;1.1.0;866c0431c49d;2023,2024,2025
479;179;3520301;Iguape;29900;10 a 50 mil;0.3520;0;0.0615;0.6761;0.1212;0.549;1.0;1.1.0;866c0431c49d;2023,2024,2025
480;180;3550001;São Luís do Paraitinga;10485;10 a 50 mil;0.3518;0;0.2543;0.586;0.1338;0.4329;1.0;1.1.0;866c0431c49d;2023,2024,2025
481;178;3530409;Mirassolândia;4795;até 10 mil;0.3508;0;0.217;0.5352;0.1458;0.5051;1.0;1.1.0;866c0431c49d;2023,2024,2025
482;179;3506201;Bento de Abreu;2638;até 10 mil;0.3506;0;0.0393;0.673;0.3517;0.3384;1.0;1.1.0;866c0431c49d;2023,2024,2025
483;181;3512308;Conchas;15314;10 a 50 mil;0.3499;0;0.3067;0.2037;0.5738;0.3154;1.0;1.1.0;866c0431c49d;2023,2024,2025
483;181;3517901;Guaraci;10566;10 a 50 mil;0.3499;0;0.3654;0.3782;0.108;0.548;1.0;1.1.0;866c0431c49d;2023,2024,2025
485;180;3555208;Turiúba;1832;até 10 mil;0.3495;0;0.0664;0.9257;0.1096;0.2965;1.0;1.1.0;866c0431c49d;2023,2024,2025
486;181;3530904;Mombuca;3844;até 10 mil;0.3494;0;0.1155;0.6278;0.2462;0.408;1.0;1.1.0;866c0431c49d;2023,2024,2025
487;183;3505203;Bariri;32406;10 a 50 mil;0.3493;0;0.7323;0.3519;0.0;0.3128;1.0;1.1.0;866c0431c49d;2023,2024,2025
488;184;3527405;Lucélia;20383;10 a 50 mil;0.3489;0;0.4556;0.3893;0.0;0.5506;1.0;1.1.0;866c0431c49d;2023,2024,2025
488;182;3547403;Santa Rita d'Oeste;2802;até 10 mil;0.3489;0;0.0339;0.4006;0.4273;0.5338;1.0;1.1.0;866c0431c49d;2023,2024,2025
490;66;3538006;Pindamonhangaba;173267;100 a 500 mil;0.3488;0;0.2849;0.6103;0.0;0.5001;1.0;1.1.0;866c0431c49d;2023,2024,2025
491;185;3534906;Pacaembu;15322;10 a 50 mil;0.3486;0;0.2384;0.5362;0.152;0.4678;1.0;1.1.0;866c0431c49d;2023,2024,2025
492;183;3545100;Salmourão;4883;até 10 mil;0.3484;0;0.1503;0.5961;0.0134;0.634;1.0;1.1.0;866c0431c49d;2023,2024,2025
493;186;3522703;Itápolis;40429;10 a 50 mil;0.3480;0;0.3715;0.6831;0.0;0.3373;1.0;1.1.0;866c0431c49d;2023,2024,2025
494;184;3512704;Corumbataí;4305;até 10 mil;0.3455;0;0.4852;0.3438;0.1637;0.3893;1.0;1.1.0;866c0431c49d;2023,2024,2025
495;185;3519006;Herculândia;9329;até 10 mil;0.3454;0;0.4222;0.277;0.0;0.6824;1.0;1.1.0;866c0431c49d;2023,2024,2025
496;186;3513850;Dirce Reis;1637;até 10 mil;0.3450;0;0.0651;0.2907;0.6779;0.3462;1.0;1.1.0;866c0431c49d;2023,2024,2025
497;187;3529104;Marinópolis;1854;até 10 mil;0.3447;0;0.0483;0.6072;0.2226;0.5008;1.0;1.1.0;866c0431c49d;2023,2024,2025
497;49;3533403;Nova Odessa;64924;50 a 100 mil;0.3447;0;0.6128;0.349;0.0;0.4171;1.0;1.1.0;866c0431c49d;2023,2024,2025
499;187;3516002;Flórida Paulista;13179;10 a 50 mil;0.3436;0;0.4186;0.394;0.0694;0.4925;1.0;1.1.0;866c0431c49d;2023,2024,2025
500;188;3502002;Analândia;4703;até 10 mil;0.3435;0;0.2619;0.4685;0.0006;0.643;1.0;1.1.0;866c0431c49d;2023,2024,2025
501;189;3553104;Taiaçu;5737;até 10 mil;0.3432;0;0.1207;0.5897;0.3984;0.2642;1.0;1.1.0;866c0431c49d;2023,2024,2025
502;67;3552809;Taboão da Serra;286201;100 a 500 mil;0.3418;0;0.4166;0.4815;0.0;0.4692;1.0;1.1.0;866c0431c49d;2023,2024,2025
503;190;3549250;São João de Iracema;1884;até 10 mil;0.3349;0;0.05;0.5043;0.2835;0.5019;1.0;1.1.0;866c0431c49d;2023,2024,2025
504;188;3529708;Miguelópolis;19591;10 a 50 mil;0.3344;0;0.6555;0.3807;0.0;0.3016;1.0;1.1.0;866c0431c49d;2023,2024,2025
505;189;3502754;Araçariguama;22448;10 a 50 mil;0.3343;0;0.5219;0.1498;0.0;0.6654;1.0;1.1.0;866c0431c49d;2023,2024,2025
506;190;3505609;Barrinha;33414;10 a 50 mil;0.3333;0;0.3996;0.3747;0.0601;0.4988;1.0;1.1.0;866c0431c49d;2023,2024,2025
506;191;3516606;Gália;6394;até 10 mil;0.3333;0;0.0415;0.4019;0.4656;0.4241;1.0;1.1.0;866c0431c49d;2023,2024,2025
508;192;3527801;Lupércio;3993;até 10 mil;0.3328;0;0.0626;0.7136;0.0409;0.5143;1.0;1.1.0;866c0431c49d;2023,2024,2025
509;191;3508009;Buri;20783;10 a 50 mil;0.3317;0;0.6866;0.2;0.0;0.44;1.0;1.1.0;866c0431c49d;2023,2024,2025
510;193;3503505;Areias;3614;até 10 mil;0.3316;0;0.0544;0.7541;0.0507;0.4671;1.0;1.1.0;866c0431c49d;2023,2024,2025
511;194;3514304;Dourado;8154;até 10 mil;0.3297;0;0.4455;0.336;0.0;0.5374;1.0;1.1.0;866c0431c49d;2023,2024,2025
511;194;3531605;Monte Castelo;4311;até 10 mil;0.3297;0;0.1869;0.4263;0.2627;0.5001;0.9583;1.1.0;866c0431c49d;2023,2024,2025
513;196;3553203;Taiúva;6804;até 10 mil;0.3295;0;0.1114;0.6726;0.1776;0.3564;1.0;1.1.0;866c0431c49d;2023,2024,2025
514;197;3526605;Lavrinhas;7365;até 10 mil;0.3290;0;0.1998;0.3418;0.3333;0.4411;1.0;1.1.0;866c0431c49d;2023,2024,2025
515;192;3537206;Pedro de Toledo;11650;10 a 50 mil;0.3287;0;0.1999;0.7741;0.0;0.3407;1.0;1.1.0;866c0431c49d;2023,2024,2025
516;50;3537800;Piedade;54291;50 a 100 mil;0.3259;0;0.1021;1.0;0.0;0.2015;1.0;1.1.0;866c0431c49d;2023,2024,2025
517;198;3508207;Buritizal;4467;até 10 mil;0.3255;0;0.5524;0.3648;0.0012;0.3836;1.0;1.1.0;866c0431c49d;2023,2024,2025
518;199;3518008;Guarani d'Oeste;1999;até 10 mil;0.3251;0;0.0425;0.7584;0.0894;0.4102;1.0;1.1.0;866c0431c49d;2023,2024,2025
519;200;3529609;Meridiano;4743;até 10 mil;0.3242;0;0.3955;0.2436;0.2888;0.369;1.0;1.1.0;866c0431c49d;2023,2024,2025
520;201;3536604;Paulo de Faria;7354;até 10 mil;0.3231;0;0.3068;0.6134;0.0405;0.3317;1.0;1.1.0;866c0431c49d;2023,2024,2025
521;193;3517000;Getulina;10321;10 a 50 mil;0.3206;0;0.2306;0.5226;0.0;0.529;1.0;1.1.0;866c0431c49d;2023,2024,2025
522;202;3509452;Campina do Monte Alegre;6101;até 10 mil;0.3205;0;0.1521;0.4128;0.0;0.7169;1.0;1.1.0;866c0431c49d;2023,2024,2025
523;203;3528106;Macaubal;7575;até 10 mil;0.3192;0;0.272;0.5675;0.0352;0.402;1.0;1.1.0;866c0431c49d;2023,2024,2025
524;194;3515152;Engenheiro Coelho;20377;10 a 50 mil;0.3166;0;0.3628;0.48;0.0;0.4237;1.0;1.1.0;866c0431c49d;2023,2024,2025
524;68;3545803;Santa Bárbara d'Oeste;189562;100 a 500 mil;0.3166;0;0.453;0.3008;0.0285;0.4842;1.0;1.1.0;866c0431c49d;2023,2024,2025
526;204;3533700;Ocauçu;4423;até 10 mil;0.3163;0;0.3245;0.5294;0.0;0.4111;1.0;1.1.0;866c0431c49d;2023,2024,2025
527;51;3513405;Cruzeiro;76381;50 a 100 mil;0.3154;0;0.3395;0.4669;0.0;0.4552;1.0;1.1.0;866c0431c49d;2023,2024,2025
528;205;3554201;Tejupá;4098;até 10 mil;0.3147;0;0.2376;0.3652;0.2782;0.3777;1.0;1.1.0;866c0431c49d;2023,2024,2025
529;206;3524204;Jaborandi;6269;até 10 mil;0.3141;0;0.2132;0.4706;0.0997;0.4731;1.0;1.1.0;866c0431c49d;2023,2024,2025
530;195;3502200;Angatuba;24628;10 a 50 mil;0.3139;0;0.4931;0.3144;0.0002;0.4479;1.0;1.1.0;866c0431c49d;2023,2024,2025
531;207;3540309;Pontes Gestal;2407;até 10 mil;0.3136;0;0.3133;0.4049;0.0;0.5361;1.0;1.1.0;866c0431c49d;2023,2024,2025
532;196;3505807;Bastos;21968;10 a 50 mil;0.3133;0;0.2552;0.528;0.0002;0.4699;1.0;1.1.0;866c0431c49d;2023,2024,2025
533;208;3528205;Macedônia;4067;até 10 mil;0.3123;0;0.1596;0.427;0.0114;0.651;1.0;1.1.0;866c0431c49d;2023,2024,2025
534;209;3523008;Itapura;3990;até 10 mil;0.3118;0;0.2648;0.5012;0.0;0.4813;1.0;1.1.0;866c0431c49d;2023,2024,2025
535;69;3522109;Itanhaém;119274;100 a 500 mil;0.3093;0;0.646;0.2595;0.0;0.3317;1.0;1.1.0;866c0431c49d;2023,2024,2025
536;52;3503802;Artur Nogueira;53686;50 a 100 mil;0.3090;0;0.3759;0.4757;0.0061;0.3785;1.0;1.1.0;866c0431c49d;2023,2024,2025
537;197;3556800;Viradouro;17689;10 a 50 mil;0.3088;0;0.2899;0.3484;0.005;0.5918;1.0;1.1.0;866c0431c49d;2023,2024,2025
538;210;3503950;Aspásia;1876;até 10 mil;0.3079;0;0.0061;0.6959;0.2471;0.2824;1.0;1.1.0;866c0431c49d;2023,2024,2025
539;211;3532603;Nhandeara;9888;até 10 mil;0.3077;0;0.1748;0.3626;0.0487;0.6447;1.0;1.1.0;866c0431c49d;2023,2024,2025
540;198;3556107;Valentim Gentil;14727;10 a 50 mil;0.3051;0;0.3525;0.2994;0.0708;0.4979;1.0;1.1.0;866c0431c49d;2023,2024,2025
541;212;3543238;Ribeirão dos Índios;2035;até 10 mil;0.3046;0;0.1123;0.5605;0.3187;0.227;1.0;1.1.0;866c0431c49d;2023,2024,2025
542;199;3506805;Bocaina;11492;10 a 50 mil;0.3044;0;0.4509;0.2601;0.2129;0.2939;1.0;1.1.0;866c0431c49d;2023,2024,2025
543;200;3538204;Pinhalzinho;15740;10 a 50 mil;0.3039;0;0.2651;0.4654;0.0069;0.4781;1.0;1.1.0;866c0431c49d;2023,2024,2025
544;213;3542107;Rafard;9156;até 10 mil;0.3035;0;0.3199;0.4578;0.0686;0.3679;1.0;1.1.0;866c0431c49d;2023,2024,2025
545;214;3538303;Piquerobi;3279;até 10 mil;0.3034;0;0.1349;0.4916;0.2452;0.3417;1.0;1.1.0;866c0431c49d;2023,2024,2025
546;201;3543006;Ribeirão Branco;18953;10 a 50 mil;0.3033;0;0.162;0.458;0.0276;0.5654;1.0;1.1.0;866c0431c49d;2023,2024,2025
547;215;3555802;Urânia;8973;até 10 mil;0.3032;0;0.3225;0.4607;0.0;0.4297;1.0;1.1.0;866c0431c49d;2023,2024,2025
548;202;3556008;Urupês;14104;10 a 50 mil;0.3030;0;0.2138;0.5899;0.0421;0.3661;1.0;1.1.0;866c0431c49d;2023,2024,2025
549;216;3515301;Estrela do Norte;2752;até 10 mil;0.3029;0;0.025;0.3288;0.1214;0.7364;1.0;1.1.0;866c0431c49d;2023,2024,2025
550;53;3539301;Pirassununga;75701;50 a 100 mil;0.3021;0;0.494;0.5226;0.0515;0.1403;1.0;1.1.0;866c0431c49d;2023,2024,2025
551;217;3533304;Nova Luzitânia;2799;até 10 mil;0.3014;0;0.0694;0.7327;0.0309;0.3726;1.0;1.1.0;866c0431c49d;2023,2024,2025
552;203;3546405;Santa Cruz do Rio Pardo;47833;10 a 50 mil;0.2995;0;0.3304;0.4788;0.0214;0.3676;1.0;1.1.0;866c0431c49d;2023,2024,2025
553;70;3552403;Sumaré;292307;100 a 500 mil;0.2986;0;0.2478;0.6403;0.0;0.3062;1.0;1.1.0;866c0431c49d;2023,2024,2025
554;218;3507753;Brejo Alegre;2605;até 10 mil;0.2979;0;0.1401;0.3496;0.325;0.3771;1.0;1.1.0;866c0431c49d;2023,2024,2025
555;219;3553906;Tarabai;6631;até 10 mil;0.2972;0;0.2429;0.0708;0.2981;0.5771;1.0;1.1.0;866c0431c49d;2023,2024,2025
556;220;3514205;Dolcinópolis;2257;até 10 mil;0.2964;0;0.0;0.3276;0.1182;0.7397;1.0;1.1.0;866c0431c49d;2023,2024,2025
557;204;3517505;Guapiaçu;22562;10 a 50 mil;0.2951;0;0.438;0.5833;0.0;0.159;1.0;1.1.0;866c0431c49d;2023,2024,2025
558;205;3520442;Ilha Solteira;26272;10 a 50 mil;0.2948;0;0.2968;0.4636;0.0882;0.3304;1.0;1.1.0;866c0431c49d;2023,2024,2025
559;221;3500907;Altair;3456;até 10 mil;0.2943;0;0.2857;0.2163;0.0467;0.6286;1.0;1.1.0;866c0431c49d;2023,2024,2025
560;222;3555703;União Paulista;1629;até 10 mil;0.2939;0;0.0007;0.6897;0.017;0.4683;1.0;1.1.0;866c0431c49d;2023,2024,2025
561;223;3537503;Pereiras;9052;até 10 mil;0.2901;0;0.3909;0.0905;0.1156;0.5633;1.0;1.1.0;866c0431c49d;2023,2024,2025
562;224;3531209;Monte Alegre do Sul;8967;até 10 mil;0.2893;0;0.2955;0.4473;0.0;0.4142;1.0;1.1.0;866c0431c49d;2023,2024,2025
563;206;3509908;Cananéia;12493;10 a 50 mil;0.2890;0;0.3686;0.5385;0.0;0.249;1.0;1.1.0;866c0431c49d;2023,2024,2025
564;225;3548054;Santo Antônio do Aracanguá;8616;até 10 mil;0.2889;0;0.3946;0.2772;0.0;0.484;1.0;1.1.0;866c0431c49d;2023,2024,2025
565;207;3531308;Monte Alto;48787;10 a 50 mil;0.2877;0;0.3975;0.4716;0.0496;0.2319;1.0;1.1.0;866c0431c49d;2023,2024,2025
566;226;3501202;Álvares Florence;3980;até 10 mil;0.2869;0;0.1419;0.5354;0.0;0.4703;1.0;1.1.0;866c0431c49d;2023,2024,2025
567;208;3551405;Serra Azul;13153;10 a 50 mil;0.2856;0;0.1475;0.3346;0.3269;0.3332;1.0;1.1.0;866c0431c49d;2023,2024,2025
568;209;3511409;Cerqueira César;22329;10 a 50 mil;0.2854;0;0.4902;0.2879;0.0232;0.3402;1.0;1.1.0;866c0431c49d;2023,2024,2025
569;227;3527702;Luiziânia;4730;até 10 mil;0.2853;0;0.1271;0.4047;0.0123;0.597;1.0;1.1.0;866c0431c49d;2023,2024,2025
570;210;3514809;Eldorado;13062;10 a 50 mil;0.2852;0;0.266;0.3451;0.1152;0.4144;1.0;1.1.0;866c0431c49d;2023,2024,2025
571;71;3506508;Birigui;123655;100 a 500 mil;0.2844;0;0.5112;0.3862;0.0067;0.2337;1.0;1.1.0;866c0431c49d;2023,2024,2025
572;228;3545704;Santa Albertina;6586;até 10 mil;0.2840;0;0.4055;0.3245;0.0177;0.3881;1.0;1.1.0;866c0431c49d;2023,2024,2025
573;54;3515103;Embu-Guaçu;69041;50 a 100 mil;0.2839;0;0.4204;0.4101;0.0761;0.2292;1.0;1.1.0;866c0431c49d;2023,2024,2025
573;229;3534005;Onda Verde;4969;até 10 mil;0.2839;0;0.1345;0.3994;0.3652;0.2367;1.0;1.1.0;866c0431c49d;2023,2024,2025
575;211;3540903;Pradópolis;17291;10 a 50 mil;0.2831;0;0.5251;0.0984;0.0609;0.448;1.0;1.1.0;866c0431c49d;2023,2024,2025
576;230;3523701;Itirapuã;5853;até 10 mil;0.2824;0;0.0;0.0216;0.6667;0.4413;1.0;1.1.0;866c0431c49d;2023,2024,2025
577;212;3540200;Pontal;38206;10 a 50 mil;0.2813;0;0.6058;0.1942;0.1064;0.219;1.0;1.1.0;866c0431c49d;2023,2024,2025
578;231;3509957;Canas;5084;até 10 mil;0.2804;0;0.123;0.3265;0.0409;0.6314;1.0;1.1.0;866c0431c49d;2023,2024,2025
579;213;3503604;Areiópolis;10229;10 a 50 mil;0.2791;0;0.05;0.2385;0.1292;0.6985;1.0;1.1.0;866c0431c49d;2023,2024,2025
579;213;3547601;Santa Rosa de Viterbo;23697;10 a 50 mil;0.2791;0;0.3398;0.371;0.1314;0.274;1.0;1.1.0;866c0431c49d;2023,2024,2025
581;215;3501707;Américo Brasiliense;33663;10 a 50 mil;0.2777;0;0.4936;0.1309;0.1597;0.3919;0.9444;1.1.0;866c0431c49d;2023,2024,2025
582;216;3509403;Cajuru;24247;10 a 50 mil;0.2776;0;0.3748;0.2961;0.0;0.4394;1.0;1.1.0;866c0431c49d;2023,2024,2025
583;232;3535903;Paranapuã;4125;até 10 mil;0.2775;0;0.214;0.6449;0.0;0.2511;1.0;1.1.0;866c0431c49d;2023,2024,2025
584;233;3501806;Américo de Campos;5986;até 10 mil;0.2768;0;0.4548;0.2399;0.0;0.4127;1.0;1.1.0;866c0431c49d;2023,2024,2025
584;233;3525409;Jeriquara;4021;até 10 mil;0.2768;0;0.148;0.3284;0.0624;0.5685;1.0;1.1.0;866c0431c49d;2023,2024,2025
586;235;3552304;Sud Mennucci;7461;até 10 mil;0.2758;0;0.3092;0.2039;0.0526;0.5377;1.0;1.1.0;866c0431c49d;2023,2024,2025
587;236;3515657;Fernão;1695;até 10 mil;0.2752;0;0.0149;0.4117;0.092;0.5824;1.0;1.1.0;866c0431c49d;2023,2024,2025
588;237;3539608;Planalto;4449;até 10 mil;0.2723;0;0.1905;0.2619;0.1572;0.4796;1.0;1.1.0;866c0431c49d;2023,2024,2025
589;238;3528304;Magda;3210;até 10 mil;0.2720;0;0.1602;0.3525;0.0388;0.5364;1.0;1.1.0;866c0431c49d;2023,2024,2025
590;217;3521309;Ipuã;14711;10 a 50 mil;0.2706;0;0.3102;0.2986;0.0237;0.4499;1.0;1.1.0;866c0431c49d;2023,2024,2025
591;218;3553609;Tapiratiba;11875;10 a 50 mil;0.2676;0;0.3777;0.1381;0.0858;0.4686;1.0;1.1.0;866c0431c49d;2023,2024,2025
592;239;3536257;Parisi;3056;até 10 mil;0.2672;0;0.0585;0.4185;0.0861;0.5057;1.0;1.1.0;866c0431c49d;2023,2024,2025
593;240;3515905;Floreal;2739;até 10 mil;0.2665;0;0.0366;0.3632;0.2065;0.4597;1.0;1.1.0;866c0431c49d;2023,2024,2025
594;241;3544608;Sabino;5179;até 10 mil;0.2661;0;0.3237;0.4101;0.0224;0.3081;1.0;1.1.0;866c0431c49d;2023,2024,2025
595;219;3550902;São Simão;13533;10 a 50 mil;0.2653;0;0.3126;0.5539;0.0342;0.1604;1.0;1.1.0;866c0431c49d;2023,2024,2025
596;220;3510708;Cardoso;11462;10 a 50 mil;0.2647;0;0.254;0.5704;0.0;0.2343;1.0;1.1.0;866c0431c49d;2023,2024,2025
597;242;3514007;Dobrada;9011;até 10 mil;0.2646;0;0.0323;0.2391;0.3212;0.466;1.0;1.1.0;866c0431c49d;2023,2024,2025
598;221;3522802;Itaporanga;14231;10 a 50 mil;0.2630;0;0.2152;0.3286;0.0096;0.4985;1.0;1.1.0;866c0431c49d;2023,2024,2025
599;243;3527256;Lourdes;1957;até 10 mil;0.2622;0;0.0392;0.4652;0.0481;0.4965;1.0;1.1.0;866c0431c49d;2023,2024,2025
600;222;3517703;Guará;18711;10 a 50 mil;0.2619;0;0.3217;0.4926;0.0266;0.2365;0.9722;1.1.0;866c0431c49d;2023,2024,2025
601;244;3534807;Ouro Verde;7899;até 10 mil;0.2586;0;0.0862;0.4981;0.0097;0.4404;1.0;1.1.0;866c0431c49d;2023,2024,2025
602;55;3530508;Mococa;69415;50 a 100 mil;0.2563;0;0.3176;0.33;0.0372;0.3404;1.0;1.1.0;866c0431c49d;2023,2024,2025
603;223;3535408;Panorama;15239;10 a 50 mil;0.2545;0;0.2726;0.4354;0.0;0.3098;1.0;1.1.0;866c0431c49d;2023,2024,2025
604;245;3533254;Novais;4457;até 10 mil;0.2533;0;0.1338;0.3687;0.0;0.5106;1.0;1.1.0;866c0431c49d;2023,2024,2025
605;246;3504701;Balbinos;3975;até 10 mil;0.2529;0;0.1077;0.6444;0.0091;0.2504;1.0;1.1.0;866c0431c49d;2023,2024,2025
606;247;3555505;Ubirajara;5310;até 10 mil;0.2526;0;0.1722;0.4786;0.0194;0.3403;1.0;1.1.0;866c0431c49d;2023,2024,2025
607;248;3535200;Palmeira d'Oeste;8951;até 10 mil;0.2510;0;0.4524;0.2399;0.0;0.3119;1.0;1.1.0;866c0431c49d;2023,2024,2025
608;224;3534757;Ouroeste;10717;10 a 50 mil;0.2468;0;0.4564;0.2426;0.0;0.2882;1.0;1.1.0;866c0431c49d;2023,2024,2025
609;249;3554409;Terra Roxa;7947;até 10 mil;0.2418;0;0.119;0.2837;0.0429;0.5215;1.0;1.1.0;866c0431c49d;2023,2024,2025
610;250;3541653;Quadra;3482;até 10 mil;0.2404;0;0.1932;0.2136;0.1933;0.3616;1.0;1.1.0;866c0431c49d;2023,2024,2025
611;225;3508702;Caconde;17192;10 a 50 mil;0.2384;0;0.1336;0.3907;0.0112;0.418;1.0;1.1.0;866c0431c49d;2023,2024,2025
612;251;3547908;Santo Antônio da Alegria;6947;até 10 mil;0.2378;0;0.1938;0.2377;0.0307;0.489;1.0;1.1.0;866c0431c49d;2023,2024,2025
613;226;3520426;Ilha Comprida;14237;10 a 50 mil;0.2374;0;0.1604;0.4348;0.0422;0.3122;1.0;1.1.0;866c0431c49d;2023,2024,2025
614;252;3521150;Ipiguá;7184;até 10 mil;0.2359;0;0.1077;0.6198;0.0858;0.1302;1.0;1.1.0;866c0431c49d;2023,2024,2025
615;227;3541604;Promissão;35957;10 a 50 mil;0.2313;0;0.224;0.1761;0.2466;0.2783;1.0;1.1.0;866c0431c49d;2023,2024,2025
616;56;3553708;Taquaritinga;53212;50 a 100 mil;0.2261;0;0.3949;0.4302;0.0034;0.0758;1.0;1.1.0;866c0431c49d;2023,2024,2025
617;253;3528700;Marabá Paulista;4612;até 10 mil;0.2244;0;0.3736;0.0;0.0;0.5242;1.0;1.1.0;866c0431c49d;2023,2024,2025
618;254;3549201;São João das Duas Pontes;2623;até 10 mil;0.2156;0;0.0773;0.3578;0.0174;0.4099;1.0;1.1.0;866c0431c49d;2023,2024,2025
619;255;3520608;Indiana;5208;até 10 mil;0.2056;0;0.1429;0.3354;0.0;0.3442;1.0;1.1.0;866c0431c49d;2023,2024,2025
620;228;3516903;General Salgado;10426;10 a 50 mil;0.2028;0;0.1532;0.2535;0.0;0.4046;1.0;1.1.0;866c0431c49d;2023,2024,2025
621;229;3502507;Aparecida;33067;10 a 50 mil;0.2016;0;0.3479;0.2586;0.0;0.2001;1.0;1.1.0;866c0431c49d;2023,2024,2025
622;256;3514924;Elisiário;3191;até 10 mil;0.2012;0;0.0121;0.2296;0.1035;0.4597;1.0;1.1.0;866c0431c49d;2023,2024,2025
623;257;3549300;São João do Pau d'Alho;2297;até 10 mil;0.1990;0;0.0251;0.2574;0.1449;0.3687;1.0;1.1.0;866c0431c49d;2023,2024,2025
624;57;3515509;Fernandópolis;73706;50 a 100 mil;0.1986;0;0.1769;0.3379;0.0;0.2798;1.0;1.1.0;866c0431c49d;2023,2024,2025
625;258;3549508;São José da Bela Vista;7640;até 10 mil;0.1941;0;0.2597;0.23;0.0;0.3088;0.9722;1.1.0;866c0431c49d;2023,2024,2025
626;230;3546603;Santa Fé do Sul;36458;10 a 50 mil;0.1902;0;0.1745;0.1364;0.0495;0.4003;1.0;1.1.0;866c0431c49d;2023,2024,2025
627;259;3517307;Guaimbê;5611;até 10 mil;0.1890;0;0.2215;0.2794;0.0;0.255;1.0;1.1.0;866c0431c49d;2023,2024,2025
628;260;3531001;Monções;1941;até 10 mil;0.1882;0;0.1119;0.3337;0.0214;0.2856;1.0;1.1.0;866c0431c49d;2023,2024,2025
629;261;3529658;Mesópolis;1992;até 10 mil;0.1869;0;0.0924;0.3198;0.0163;0.319;1.0;1.1.0;866c0431c49d;2023,2024,2025
630;231;3527603;Luís Antônio;12594;10 a 50 mil;0.1676;0;0.3557;0.0206;0.0;0.3333;0.9445;1.1.0;866c0431c49d;2023,2024,2025
631;262;3540259;Pontalinda;4199;até 10 mil;0.1583;0;0.0116;0.0905;0.1956;0.3354;1.0;1.1.0;866c0431c49d;2023,2024,2025
632;263;3555307;Turmalina;1652;até 10 mil;0.1572;0;0.1362;0.1755;0.0086;0.3085;1.0;1.1.0;866c0431c49d;2023,2024,2025
633;264;3509106;Caiuá;5612;até 10 mil;0.1532;0;0.2508;0.1029;0.0;0.2591;1.0;1.1.0;866c0431c49d;2023,2024,2025
634;232;3539103;Pirapora do Bom Jesus;19005;10 a 50 mil;0.1530;0;0.2508;0.0;0.0357;0.3257;1.0;1.1.0;866c0431c49d;2023,2024,2025
635;265;3541901;Queluz;9009;até 10 mil;0.1498;0;0.0;0.1455;0.0;0.4538;1.0;1.1.0;866c0431c49d;2023,2024,2025
636;266;3532868;Nova Castilho;1070;até 10 mil;0.1470;0;0.0721;0.0523;0.023;0.4407;1.0;1.1.0;866c0431c49d;2023,2024,2025
637;267;3540408;Populina;4179;até 10 mil;0.1453;0;0.2091;0.0593;0.0;0.3129;1.0;1.1.0;866c0431c49d;2023,2024,2025
638;268;3502606;Aparecida d'Oeste;4101;até 10 mil;0.1404;0;0.1927;0.0932;0.0;0.2755;1.0;1.1.0;866c0431c49d;2023,2024,2025
639;233;3517604;Guapiara;17197;10 a 50 mil;0.1357;0;0.0163;0.1212;0.0296;0.3758;1.0;1.1.0;866c0431c49d;2023,2024,2025
640;234;3507803;Brodowski;26446;10 a 50 mil;0.1293;0;0.3556;0.0;0.0;0.1615;1.0;1.1.0;866c0431c49d;2023,2024,2025
641;269;3525805;Júlio Mesquita;4297;até 10 mil;0.1283;0;0.0257;0.2169;0.0296;0.2408;1.0;1.1.0;866c0431c49d;2023,2024,2025
642;235;3508603;Cachoeira Paulista;32579;10 a 50 mil;0.1278;0;0.1042;0.1519;0.0464;0.2089;1.0;1.1.0;866c0431c49d;2023,2024,2025
643;236;3551504;Serrana;45734;10 a 50 mil;0.1277;0;0.3045;0.0;0.0;0.2064;1.0;1.1.0;866c0431c49d;2023,2024,2025
644;270;3542701;Restinga;6480;até 10 mil;0.1219;0;0.0599;0.0;0.0;0.4278;1.0;1.1.0;866c0431c49d;2023,2024,2025
645;271;3552007;Silveiras;6341;até 10 mil;0.1081;0;0.0284;0.1613;0.0108;0.2321;1.0;1.1.0;866c0431c49d;2023,2024,2025
